OpenTime,XMR-USD_Open,XMR-USD_High,XMR-USD_Low,XMR-USD_Close,XMR-USD_Volume,CloseTime,%K,%D,rsi,macd
2022-07-05 09:15:00,123.5,123.7,122.3,123.0,552.921,2022-07-05 09:29:59.999,25.925925925926006,37.61801016702969,39.36550374042033,-0.13557416019484972
2022-07-05 09:30:00,123.0,123.1,122.3,122.3,1099.934,2022-07-05 09:44:59.999,0.0,16.049382716049262,34.35614767108369,-0.21336211375904687
2022-07-05 09:45:00,122.3,122.8,122.1,122.4,640.68,2022-07-05 09:59:59.999,10.714285714286078,12.213403880070695,35.616600612947195,-0.24493386321876204
2022-07-05 10:00:00,122.3,123.0,122.0,122.7,435.871,2022-07-05 10:14:59.999,24.137931034482808,11.617405582922961,39.3773421552012,-0.2325613614431178
2022-07-05 10:15:00,122.7,123.1,122.7,122.7,351.846,2022-07-05 10:29:59.999,24.137931034482808,19.663382594417232,39.3773421552012,-0.21190928608266413
2022-07-05 10:30:00,122.8,122.8,121.3,121.6,1756.099,2022-07-05 10:44:59.999,8.333333333333234,18.869731800766285,31.542409801434573,-0.25686679638920856
2022-07-05 10:45:00,121.6,122.0,121.1,122.0,1342.305,2022-07-05 10:59:59.999,25.714285714285875,19.39518336070064,36.49094318461262,-0.24427842982959558
2022-07-05 11:00:00,121.9,122.3,121.6,122.0,392.758,2022-07-05 11:14:59.999,34.61538461538472,22.88766788766794,36.49094318461262,-0.2212516310485655
2022-07-05 11:15:00,121.9,122.2,121.8,122.1,172.414,2022-07-05 11:29:59.999,50.0,36.776556776556866,37.7946855031095,-0.1860032844157491
2022-07-05 11:30:00,122.1,122.4,121.5,121.6,391.503,2022-07-05 11:44:59.999,25.0,36.538461538461576,34.032777414227326,-0.18280914411658528
2022-07-05 11:45:00,121.5,122.3,121.3,122.0,925.31,2022-07-05 11:59:59.999,45.000000000000284,40.00000000000009,39.2429133679084,-0.14202084501292456
2022-07-05 12:00:00,122.0,122.3,121.8,122.2,433.781,2022-07-05 12:14:59.999,55.000000000000426,41.666666666666906,41.721389455759066,-0.09224728405884158
2022-07-05 12:15:00,122.1,122.5,121.9,122.1,663.367,2022-07-05 12:29:59.999,58.82352941176461,52.94117647058844,40.82465268419642,-0.05838619628770997
2022-07-05 12:30:00,122.1,122.2,121.2,121.5,1616.266,2022-07-05 12:44:59.999,28.57142857142886,47.46498599439797,35.84629170689519,-0.06804955056277023
2022-07-05 12:45:00,121.4,121.4,120.6,121.2,3991.146,2022-07-05 12:59:59.999,31.578947368421407,39.65796845053829,33.637559557889475,-0.08518621506871782
2022-07-05 13:00:00,121.1,121.4,120.6,120.6,1296.476,2022-07-05 13:14:59.999,0.0,20.05012531328342,29.6964538080302,-0.1250598159047066
2022-07-05 13:15:00,120.5,120.6,119.2,119.8,2867.304,2022-07-05 13:29:59.999,18.181818181818024,16.586921850079808,25.419925915046107,-0.18957274404693925
2022-07-05 13:30:00,119.8,120.0,119.0,119.4,1353.544,2022-07-05 13:44:59.999,11.42857142857159,9.87012987012987,23.590641805330264,-0.24018811074849777
2022-07-05 13:45:00,119.3,119.8,119.1,119.3,1286.544,2022-07-05 13:59:59.999,8.57142857142849,12.7272727272727,23.142270775548425,-0.25974667758437664
2022-07-05 14:00:00,119.2,119.6,118.9,119.5,587.816,2022-07-05 14:14:59.999,16.666666666666536,12.222222222222205,26.16483619549186,-0.2390768371772215
2022-07-05 14:15:00,119.5,119.8,119.3,119.5,296.46,2022-07-05 14:29:59.999,18.181818181818024,14.473304473304347,26.16483619549186,-0.2064947859446753
2022-07-05 14:30:00,119.5,121.2,119.2,121.1,1940.503,2022-07-05 14:44:59.999,87.99999999999955,40.9494949494947,45.90346442331733,-0.06557549121451234
2022-07-05 14:45:00,121.0,121.4,120.2,120.4,1398.848,2022-07-05 14:59:59.999,60.0,55.393939393939185,40.768460526424654,-0.01077090036065631
2022-07-05 15:00:00,120.4,121.1,120.2,121.0,715.305,2022-07-05 15:14:59.999,83.99999999999977,77.3333333333331,46.31226945465666,0.0701732272333273
2022-07-05 15:15:00,121.0,121.1,120.6,120.9,442.253,2022-07-05 15:29:59.999,80.0,74.66666666666659,45.54711425731123,0.11842558147493609
2022-07-05 15:30:00,120.9,121.2,120.6,120.7,455.95,2022-07-05 15:44:59.999,71.99999999999989,78.66666666666656,43.982010179645926,0.13700621514459366
2022-07-05 15:45:00,120.7,120.7,119.5,119.9,2187.964,2022-07-05 15:59:59.999,40.0,63.999999999999964,38.311112690050756,0.09741229850808297
2022-07-05 16:00:00,119.8,119.9,118.6,119.0,1800.819,2022-07-05 16:14:59.999,14.28571428571443,42.09523809523811,33.135029069458554,0.016827490589384264
2022-07-05 16:15:00,119.0,119.6,118.8,119.2,2467.109,2022-07-05 16:29:59.999,21.428571428571647,25.238095238095358,35.22927390639265,-0.015064148123753562
2022-07-05 16:30:00,119.3,119.9,119.0,119.9,669.574,2022-07-05 16:44:59.999,46.428571428571644,27.380952380952575,42.06834976538906,0.017179126827035818
2022-07-05 16:45:00,119.9,120.9,119.9,120.9,1308.743,2022-07-05 16:59:59.999,88.46153846153861,52.1062271062273,50.16394771106011,0.10703682185051466
2022-07-05 17:00:00,120.9,122.0,120.8,121.6,2796.547,2022-07-05 17:14:59.999,88.23529411764692,74.37513466925239,54.91359502903424,0.20890637262919043
2022-07-05 17:15:00,121.6,122.7,121.4,121.7,2341.274,2022-07-05 17:29:59.999,75.60975609756103,84.10219622558219,55.56511603641362,0.2741978135324218
2022-07-05 17:30:00,121.8,122.1,120.8,120.8,1691.594,2022-07-05 17:44:59.999,53.65853658536581,72.50119560019125,48.73882136921203,0.24869750248110234
2022-07-05 17:45:00,120.8,121.2,120.4,121.1,399.078,2022-07-05 17:59:59.999,60.975609756097434,63.41463414634143,50.903993374556286,0.24364181334247692
2022-07-05 18:00:00,120.9,121.8,120.9,121.8,330.905,2022-07-05 18:14:59.999,76.9230769230768,63.85240775484667,55.614880297279065,0.2766372012701473
2022-07-05 18:15:00,121.8,122.6,121.8,122.2,1457.203,2022-07-05 18:29:59.999,86.4864864864865,74.7950577218869,58.08959427210895,0.3119767830887206
2022-07-05 18:30:00,122.2,122.8,122.1,122.1,363.049,2022-07-05 18:44:59.999,75.86206896551707,79.75721079169345,57.230501901874966,0.31431321084479297
2022-07-05 18:45:00,122.1,122.8,121.9,122.6,575.889,2022-07-05 18:59:59.999,91.66666666666652,84.67174070622336,60.38517221463637,0.33341563651214756
2022-07-05 19:00:00,122.7,122.8,122.3,122.6,211.638,2022-07-05 19:14:59.999,91.66666666666652,86.39846743295003,60.38517221463637,0.3293565305527104
2022-07-05 19:15:00,122.6,122.7,122.3,122.6,537.322,2022-07-05 19:29:59.999,91.66666666666652,91.66666666666652,60.38517221463638,0.3102423401696644
2022-07-05 19:30:00,122.6,123.5,122.5,123.3,1872.139,2022-07-05 19:44:59.999,93.54838709677409,92.29390681003571,64.91076811473516,0.32665917160347735
2022-07-05 19:45:00,123.4,123.4,122.5,122.6,4389.529,2022-07-05 19:59:59.999,65.38461538461509,83.53322304935189,57.79979580460794,0.27439631005737214
2022-07-05 20:00:00,122.6,123.3,122.3,123.3,1800.302,2022-07-05 20:14:59.999,88.23529411764692,82.3894321996787,62.25306194809331,0.270545377710166
2022-07-05 20:15:00,123.2,123.5,122.7,123.2,490.647,2022-07-05 20:29:59.999,81.25000000000011,78.28996983408736,61.25853321331314,0.2455692182313004
2022-07-05 20:30:00,123.3,124.0,123.2,123.9,1254.182,2022-07-05 20:44:59.999,95.2380952380955,88.2411297852475,65.42271971553187,0.25915589633322406
2022-07-05 20:45:00,123.8,124.0,123.2,123.5,1048.113,2022-07-05 20:59:59.999,70.5882352941177,82.3587768440711,61.36377780448159,0.22541067891842037
2022-07-05 21:00:00,123.6,124.6,123.4,124.4,2032.744,2022-07-05 21:14:59.999,91.30434782608744,85.71022611943356,66.4129815523641,0.24621693285297258
2022-07-05 21:15:00,124.6,124.6,123.8,124.2,722.326,2022-07-05 21:29:59.999,82.60869565217426,81.50042625745978,64.39889186913516,0.22936368558575737
2022-07-05 21:30:00,124.3,124.5,123.4,123.7,513.842,2022-07-05 21:44:59.999,60.869565217391624,78.26086956521777,59.53770197073534,0.17012160224119632
2022-07-05 21:45:00,123.7,123.7,123.2,123.3,290.057,2022-07-05 21:59:59.999,43.47826086956527,62.318840579710375,55.90217344936748,0.09341061039161846
2022-07-05 22:00:00,123.3,123.6,122.4,122.5,480.716,2022-07-05 22:14:59.999,4.5454545454543105,36.29776021080373,49.404515942225984,-0.01596820513144348
2022-07-05 22:15:00,122.5,123.0,122.4,122.7,296.823,2022-07-05 22:29:59.999,13.636363636363578,20.55335968379438,50.93977733721203,-0.07623470281527045
2022-07-05 22:30:00,122.8,123.3,122.5,123.3,158.56,2022-07-05 22:44:59.999,40.909090909090736,19.696969696969536,55.31994019377907,-0.0768584619114564
2022-07-05 22:45:00,123.2,123.6,123.2,123.6,219.439,2022-07-05 22:59:59.999,54.54545454545431,36.3636363636362,57.36938861101504,-0.0590367326139587
2022-07-05 23:00:00,123.6,123.8,123.2,123.2,573.389,2022-07-05 23:14:59.999,36.363636363636424,43.939393939393824,53.82431561108094,-0.07512578105541723
2022-07-05 23:15:00,123.3,123.5,122.6,122.7,1070.214,2022-07-05 23:29:59.999,14.285714285714189,35.06493506493497,49.69083458545623,-0.11783657304789419
2022-07-05 23:30:00,122.8,123.1,122.7,123.1,611.75,2022-07-05 23:44:59.999,49.999999999999496,33.54978354978336,52.81285544174372,-0.11728991703501934
2022-07-05 23:45:00,123.1,123.7,123.1,123.7,364.869,2022-07-05 23:59:59.999,92.85714285714322,52.380952380952294,57.11216533049911,-0.07662812705015892
2022-07-06 00:00:00,123.7,123.9,122.9,123.0,439.706,2022-07-06 00:14:59.999,39.99999999999962,60.95238095238077,51.245852154102046,-0.09574281843350907
2022-07-06 00:15:00,123.0,123.4,122.6,122.6,400.436,2022-07-06 00:29:59.999,7.142857142856708,46.666666666666515,48.19919861091283,-0.1319587101724225
2022-07-06 00:30:00,122.6,122.6,122.0,122.2,1191.064,2022-07-06 00:44:59.999,10.526315789473802,19.22305764411004,45.29893780917242,-0.17669404550705065
2022-07-06 00:45:00,122.2,122.7,122.0,122.6,2233.388,2022-07-06 00:59:59.999,31.57894736842066,16.416040100250385,48.62790270328328,-0.1729672503131629
2022-07-06 01:00:00,122.6,123.3,122.5,122.7,1159.788,2022-07-06 01:14:59.999,36.84210526315793,26.315789473684124,49.45604950870312,-0.1578117671279521
2022-07-06 01:15:00,122.6,123.1,122.3,122.8,734.485,2022-07-06 01:29:59.999,42.10526315789446,36.84210526315768,50.318549276512414,-0.13592779425273363
2022-07-06 01:30:00,122.9,124.0,122.7,123.8,507.535,2022-07-06 01:44:59.999,89.99999999999986,56.31578947368408,58.031160612436324,-0.053228024037659444
2022-07-06 01:45:00,123.8,124.0,123.1,123.1,303.511,2022-07-06 01:59:59.999,54.999999999999716,62.368421052631334,51.95139151747429,-0.04511405991361936
2022-07-06 02:00:00,123.2,123.6,122.9,123.0,206.538,2022-07-06 02:14:59.999,50.0,64.99999999999984,51.12731888533659,-0.0457809591285728
2022-07-06 02:15:00,123.0,123.3,122.8,122.9,303.343,2022-07-06 02:29:59.999,45.000000000000284,49.99999999999999,50.268602399138004,-0.051812229345564814
2022-07-06 02:30:00,122.8,123.0,121.6,121.6,1260.363,2022-07-06 02:44:59.999,0.0,31.666666666666753,40.698738424248965,-0.13735272026048628
2022-07-06 02:45:00,121.7,121.9,121.0,121.6,2147.045,2022-07-06 02:59:59.999,19.99999999999981,21.66666666666669,40.698738424248965,-0.18496785888054781
2022-07-06 03:00:00,121.5,122.3,121.5,122.3,1388.297,2022-07-06 03:14:59.999,43.333333333333236,21.111111111111004,46.99975841667146,-0.16122211333373032
2022-07-06 03:15:00,122.4,122.8,122.2,122.6,285.16,2022-07-06 03:29:59.999,53.333333333333144,38.88888888888872,49.47741106053527,-0.11915314701959255
2022-07-06 03:30:00,122.6,122.8,121.9,122.3,253.246,2022-07-06 03:44:59.999,43.333333333333236,46.66666666666652,47.10591348804163,-0.10582388980449532
2022-07-06 03:45:00,122.3,122.7,122.2,122.5,209.213,2022-07-06 03:59:59.999,57.69230769230782,51.45299145299139,48.86554908394252,-0.07905684120107523
2022-07-06 04:00:00,122.5,122.8,121.9,122.4,800.657,2022-07-06 04:14:59.999,60.869565217391624,53.96506874767755,48.005620484892106,-0.06423553081961778
2022-07-06 04:15:00,122.6,122.6,122.0,122.2,376.594,2022-07-06 04:29:59.999,60.00000000000014,59.520624303233184,46.25250880528077,-0.06391389592305513
2022-07-06 04:30:00,122.4,122.4,122.1,122.4,361.983,2022-07-06 04:44:59.999,77.77777777777821,66.21578099838999,48.28630643432955,-0.04702449912345297
2022-07-06 04:45:00,122.4,123.0,122.1,122.6,376.365,2022-07-06 04:59:59.999,73.33333333333296,70.37037037037044,50.31115758008599,-0.020528941876978554
2022-07-06 05:00:00,122.6,123.9,122.4,123.4,1896.365,2022-07-06 05:14:59.999,75.0,75.37037037037038,57.48249264878143,0.048936017644368376
2022-07-06 05:15:00,123.4,124.2,123.2,123.7,486.829,2022-07-06 05:29:59.999,78.26086956521736,75.53140096618343,59.8241439584411,0.10967153110065295
2022-07-06 05:30:00,123.7,123.7,122.8,123.0,969.361,2022-07-06 05:44:59.999,47.82608695652155,67.02898550724629,52.55137218243626,0.09768411348346226
2022-07-06 05:45:00,123.0,123.4,122.8,123.0,228.514,2022-07-06 05:59:59.999,47.82608695652155,57.971014492753476,52.55137218243626,0.08519349460473966
2022-07-06 06:00:00,123.1,123.5,122.8,123.5,359.888,2022-07-06 06:14:59.999,68.18181818181809,54.611330698287055,56.89263677778816,0.10475691650707544
2022-07-06 06:15:00,123.5,123.7,122.5,122.6,357.317,2022-07-06 06:29:59.999,23.809523809523714,46.60580964928778,48.32230843889423,0.053802151730284305
2022-07-06 06:30:00,122.6,123.1,122.3,123.1,305.104,2022-07-06 06:44:59.999,47.61904761904743,46.5367965367964,52.594785074733785,0.05054119003354161
2022-07-06 06:45:00,123.0,123.5,122.9,123.1,596.009,2022-07-06 06:59:59.999,42.10526315789446,37.844611528821865,52.594785074733785,0.0453206996211519
2022-07-06 07:00:00,123.2,123.2,122.7,123.0,147.088,2022-07-06 07:14:59.999,36.84210526315793,42.18880534669993,51.60516359631472,0.032660619882376424
2022-07-06 07:15:00,123.0,123.3,122.3,122.6,239.57,2022-07-06 07:29:59.999,21.42857142857114,33.45864661654117,47.735999717134035,-0.0032185273222367777
2022-07-06 07:30:00,122.6,123.2,122.5,123.2,672.206,2022-07-06 07:44:59.999,64.28571428571443,40.85213032581449,53.38214669037932,0.012054907490070238
2022-07-06 07:45:00,123.2,123.7,122.7,123.4,1577.151,2022-07-06 07:59:59.999,78.57142857142887,54.76190476190481,55.12251617230402,0.0330345899296635
2022-07-06 08:00:00,123.6,124.3,123.5,124.0,519.17,2022-07-06 08:14:59.999,85.00000000000014,75.95238095238115,59.95274672590431,0.08194282122731836
2022-07-06 08:15:00,124.2,124.7,124.2,124.5,668.3,2022-07-06 08:29:59.999,91.66666666666657,85.07936507936519,63.48027347485331,0.13922374493496614
2022-07-06 08:30:00,124.4,124.5,123.8,124.0,796.812,2022-07-06 08:44:59.999,70.83333333333329,82.49999999999999,57.98027538850866,0.13461476647175885
2022-07-06 08:45:00,124.0,124.1,123.4,123.8,622.332,2022-07-06 08:59:59.999,62.49999999999985,74.9999999999999,55.894176063087386,0.11029449146427828
2022-07-06 09:00:00,123.8,124.1,123.2,123.9,1484.726,2022-07-06 09:14:59.999,66.66666666666687,66.66666666666666,56.73242299368938,0.09378838234633058
2022-07-06 09:15:00,123.8,124.0,123.5,123.7,437.85,2022-07-06 09:29:59.999,54.545454545454604,61.237373737373765,54.5014280143781,0.06368625669730218
2022-07-06 09:30:00,123.7,123.8,122.8,123.6,1956.371,2022-07-06 09:44:59.999,44.999999999999574,55.40404040404034,53.37129467662039,0.0328770269734775
2022-07-06 09:45:00,123.7,124.1,123.3,124.1,419.14,2022-07-06 09:59:59.999,68.42105263157859,55.988835725677575,58.0546811043144,0.04145533374218979
2022-07-06 10:00:00,124.1,124.4,123.6,124.2,810.0,2022-07-06 10:14:59.999,73.68421052631587,62.368421052631334,58.94287913531132,0.048649745687053325
2022-07-06 10:15:00,124.1,125.0,124.1,124.9,1032.805,2022-07-06 10:29:59.999,95.45454545454572,79.18660287081339,64.59457564858613,0.09277933188380605
2022-07-06 10:30:00,124.9,125.1,124.6,125.0,790.932,2022-07-06 10:44:59.999,95.65217391304373,88.26364329796843,65.3288282675439,0.11924376276399623
2022-07-06 10:45:00,125.0,125.2,124.6,124.9,1225.446,2022-07-06 10:59:59.999,87.50000000000014,92.86890645586318,63.90166854060458,0.12021339390616625
2022-07-06 11:00:00,124.9,125.5,124.8,125.1,1283.346,2022-07-06 11:14:59.999,85.18518518518499,89.44578636607628,65.52385613698402,0.1240238573260713
2022-07-06 11:15:00,125.0,125.3,124.4,125.1,934.596,2022-07-06 11:29:59.999,85.18518518518499,85.9567901234567,65.52385613698402,0.116368940370835
2022-07-06 11:30:00,125.1,125.9,124.7,125.0,2034.595,2022-07-06 11:44:59.999,65.38461538461527,78.58499525166174,63.85975182660598,0.09528203377783623
2022-07-06 11:45:00,124.9,125.3,124.6,125.1,411.294,2022-07-06 11:59:59.999,65.2173913043475,71.92906395804924,64.82189180595111,0.07942799252380262
2022-07-06 12:00:00,125.1,125.1,124.1,124.4,1506.438,2022-07-06 12:14:59.999,16.666666666667194,49.08955778520998,53.9871149061124,0.016449741411155072
2022-07-06 12:15:00,124.4,124.4,123.8,124.2,949.697,2022-07-06 12:29:59.999,19.04761904761924,33.643892339544635,51.34638037604117,-0.040892287882533185
2022-07-06 12:30:00,124.3,125.1,124.0,125.0,705.195,2022-07-06 12:44:59.999,57.142857142857046,30.95238095238115,59.81388306785835,-0.0277848129896639
2022-07-06 12:45:00,124.9,125.1,124.5,124.9,1339.08,2022-07-06 12:59:59.999,52.38095238095257,42.85714285714295,58.44464301512815,-0.028580639426137366
2022-07-06 13:00:00,124.9,125.0,123.9,124.3,1322.535,2022-07-06 13:14:59.999,23.809523809523714,44.444444444444436,50.9137176930558,-0.06989275809760237
2022-07-06 13:15:00,124.3,125.5,124.2,125.1,1877.088,2022-07-06 13:29:59.999,61.90476190476152,46.03174603174593,58.577800773323816,-0.044930025206855795
2022-07-06 13:30:00,125.1,125.3,124.8,125.1,1015.337,2022-07-06 13:44:59.999,76.47058823529382,54.061624649859674,58.577800773323816,-0.030687813459533475
2022-07-06 13:45:00,125.2,125.2,124.3,125.0,955.779,2022-07-06 13:59:59.999,70.5882352941177,69.65452847805767,57.281242990628826,-0.030223439595201684
2022-07-06 14:00:00,125.0,125.4,124.8,125.4,736.546,2022-07-06 14:14:59.999,94.11764705882388,80.39215686274513,60.99976778310089,-0.006441373598941369
2022-07-06 14:15:00,125.2,126.4,125.2,126.3,1102.534,2022-07-06 14:29:59.999,95.99999999999966,86.90196078431374,67.79291071633529,0.06263258799155363
2022-07-06 14:30:00,126.3,126.9,125.5,125.9,1179.126,2022-07-06 14:44:59.999,66.66666666666667,85.59477124183006,62.5759986762686,0.0733679457845331
2022-07-06 14:45:00,125.9,126.1,124.7,125.4,2248.317,2022-07-06 14:59:59.999,50.0,70.88888888888876,56.70214139141574,0.04042604495795704
2022-07-06 15:00:00,125.4,125.5,124.5,124.7,1378.201,2022-07-06 15:14:59.999,18.518518518518498,45.061728395061714,49.67234164169085,-0.031020718424381144
2022-07-06 15:15:00,124.7,125.2,124.5,125.1,614.739,2022-07-06 15:29:59.999,30.76923076923056,33.09591642924968,53.23985781809674,-0.05258609360524391
2022-07-06 15:30:00,125.1,125.4,124.7,125.2,589.406,2022-07-06 15:44:59.999,34.61538461538472,27.967711301044584,54.11554599730471,-0.06078173322334923
2022-07-06 15:45:00,125.2,125.2,124.7,124.9,260.322,2022-07-06 15:59:59.999,16.666666666666863,27.350427350427367,51.02816951332991,-0.08555638429624973
2022-07-06 16:00:00,124.9,125.0,124.2,124.2,1266.724,2022-07-06 16:14:59.999,0.0,17.094017094017186,44.62999792971913,-0.14475577563378816
2022-07-06 16:15:00,124.2,124.5,123.6,123.9,301.599,2022-07-06 16:29:59.999,9.090909090909404,8.585858585858746,42.18854508948637,-0.19657160411403957
2022-07-06 16:30:00,123.8,124.0,123.5,123.8,460.806,2022-07-06 16:44:59.999,11.538461538461455,6.8764568764569445,41.37602580800125,-0.2278317278765473
2022-07-06 16:45:00,123.7,124.6,123.7,124.5,837.154,2022-07-06 16:59:59.999,50.0,23.543123543123613,48.808295208127646,-0.19299582116203642
2022-07-06 17:00:00,124.4,125.2,124.4,125.2,355.812,2022-07-06 17:14:59.999,89.4736842105262,50.33738191632921,54.95792858321734,-0.11811848231553237
2022-07-06 17:15:00,125.2,125.4,124.6,125.1,355.479,2022-07-06 17:29:59.999,84.21052631578893,74.5614035087717,53.960656864046705,-0.07285405851144591
2022-07-06 17:30:00,125.0,125.1,124.8,125.1,314.373,2022-07-06 17:44:59.999,84.21052631578893,85.96491228070134,53.960656864046705,-0.04197545653218529
2022-07-06 17:45:00,125.1,125.5,124.5,124.7,706.749,2022-07-06 17:59:59.999,60.00000000000014,76.14035087719266,49.770907304955294,-0.04716371128414497
2022-07-06 18:00:00,124.7,125.1,124.6,124.6,432.199,2022-07-06 18:14:59.999,54.999999999999716,66.40350877192958,48.75178559068696,-0.05543320143326813
2022-07-06 18:15:00,124.6,124.7,124.3,124.4,611.071,2022-07-06 18:29:59.999,45.000000000000284,53.33333333333337,46.69251942280163,-0.07145587280028351
2022-07-06 18:30:00,124.5,124.7,124.2,124.4,392.275,2022-07-06 18:44:59.999,38.888888888889106,46.29629629629636,46.692519422801624,-0.07857175788965208
2022-07-06 18:45:00,124.4,124.8,124.3,124.7,177.423,2022-07-06 18:59:59.999,38.461538461538545,40.78347578347597,50.34153622837698,-0.06040763536354098
2022-07-06 19:00:00,124.7,125.5,124.3,124.9,1200.84,2022-07-06 19:14:59.999,53.84615384615418,43.732193732193934,52.66769209375034,-0.03359477229833629
2022-07-06 19:15:00,125.0,125.8,124.4,125.5,1280.519,2022-07-06 19:29:59.999,81.25000000000011,57.852564102564266,58.889346079084426,0.022837014003442846
2022-07-06 19:30:00,125.6,126.3,125.4,126.0,896.896,2022-07-06 19:44:59.999,85.71428571428581,73.60347985348002,63.227230265022754,0.08844130353282934
2022-07-06 19:45:00,126.2,126.4,125.9,126.2,460.85,2022-07-06 19:59:59.999,90.90909090909079,85.95779220779222,64.82601437944058,0.13700878035540198
2022-07-06 20:00:00,126.1,126.8,126.0,126.6,520.308,2022-07-06 20:14:59.999,92.30769230769218,89.64368964368958,67.83779907413184,0.18480318768133702
2022-07-06 20:15:00,126.6,126.8,126.5,126.5,418.301,2022-07-06 20:29:59.999,88.46153846153855,90.55944055944049,66.30917513103103,0.19727755245969356
2022-07-06 20:30:00,126.6,126.7,125.8,126.0,1035.945,2022-07-06 20:44:59.999,68.00000000000011,82.92307692307695,59.13417168413602,0.16098337104328794
2022-07-06 20:45:00,126.0,126.1,125.3,125.4,1569.936,2022-07-06 20:59:59.999,44.00000000000034,66.82051282051299,51.879610836716154,0.08927593059093047
2022-07-06 21:00:00,125.4,125.5,124.4,124.5,2669.601,2022-07-06 21:14:59.999,4.166666666666445,38.72222222222229,43.29886456705732,-0.02021760908665926
2022-07-06 21:15:00,124.6,124.8,124.2,124.6,237.234,2022-07-06 21:29:59.999,15.38461538461509,21.183760683760614,44.39926575666391,-0.0837911676024776
2022-07-06 21:30:00,124.6,125.5,124.5,125.2,620.144,2022-07-06 21:44:59.999,38.461538461538545,19.337606837606685,50.59466220321676,-0.08315053162722866
2022-07-06 21:45:00,125.1,126.0,125.0,125.7,859.787,2022-07-06 21:59:59.999,57.69230769230782,37.17948717948715,55.08598145692793,-0.04848751527762504
2022-07-06 22:00:00,125.7,125.9,125.4,125.6,537.873,2022-07-06 22:14:59.999,53.84615384615363,49.99999999999999,54.02810615612797,-0.03249710806266845
2022-07-06 22:15:00,125.6,125.8,125.1,125.1,656.927,2022-07-06 22:29:59.999,35.99999999999966,49.17948717948703,48.96482250195932,-0.054501572118156455
2022-07-06 22:30:00,125.2,125.6,125.0,125.2,466.343,2022-07-06 22:44:59.999,52.63157894736866,47.492577597840636,49.974581935700606,-0.06075215663854644
2022-07-06 22:45:00,125.2,125.2,124.7,124.9,598.5,2022-07-06 22:59:59.999,38.888888888889106,42.50682261208579,46.97201031556717,-0.08218944777372877
2022-07-06 23:00:00,124.9,126.3,124.9,126.0,689.421,2022-07-06 23:14:59.999,85.71428571428581,59.07825118351451,57.14032906701624,-0.022489638453487226
2022-07-06 23:15:00,126.0,126.3,125.5,125.6,667.9,2022-07-06 23:29:59.999,61.111111111110894,61.904761904761926,53.14922617639045,-0.010739466399736552
2022-07-06 23:30:00,125.7,125.8,125.3,125.8,407.793,2022-07-06 23:44:59.999,68.74999999999989,71.85846560846552,54.84742070993687,0.008655914225827482
2022-07-06 23:45:00,125.7,125.8,125.2,125.8,318.88,2022-07-06 23:59:59.999,68.74999999999989,66.20370370370354,54.84742070993687,0.019043164227173948
2022-07-07 00:00:00,125.8,126.5,125.7,126.2,535.503,2022-07-07 00:14:59.999,83.33333333333347,73.61111111111107,58.34923428900964,0.04872343796434103
2022-07-07 00:15:00,126.2,126.3,125.8,126.0,470.576,2022-07-07 00:29:59.999,72.22222222222217,74.76851851851849,56.01022232731822,0.05053866735603371
2022-07-07 00:30:00,126.1,126.2,125.5,125.6,400.58,2022-07-07 00:44:59.999,49.9999999999996,68.5185185185184,51.558649396446775,0.021914748854019256
2022-07-07 00:45:00,125.7,126.0,125.4,125.6,234.153,2022-07-07 00:59:59.999,43.749999999999446,55.324074074073735,51.558649396446775,0.0011897926447003992
2022-07-07 01:00:00,125.5,126.0,125.2,126.0,97.153,2022-07-07 01:14:59.999,61.538461538461455,51.762820512820156,55.64691752425903,0.0120265431719348
2022-07-07 01:15:00,126.0,126.1,125.6,125.8,179.16,2022-07-07 01:29:59.999,46.15384615384582,50.48076923076889,53.228016500217564,0.003759470445032914
2022-07-07 01:30:00,125.8,126.1,125.7,126.0,310.79,2022-07-07 01:44:59.999,61.538461538461455,56.41025641025624,55.319616170894484,0.009470361951503137
2022-07-07 01:45:00,126.0,126.1,125.7,125.7,102.253,2022-07-07 01:59:59.999,38.461538461538545,48.717948717948595,51.59264116280052,-0.008287420507654075
2022-07-07 02:00:00,125.7,126.0,125.4,125.9,358.261,2022-07-07 02:14:59.999,63.63636363636422,54.54545454545473,53.82604776704799,-0.00789630022833121
2022-07-07 02:15:00,126.0,126.4,125.8,126.2,567.476,2022-07-07 02:29:59.999,83.33333333333313,61.81041181041195,57.028707280640276,0.010249461160748652
2022-07-07 02:30:00,126.3,126.6,126.2,126.4,651.485,2022-07-07 02:44:59.999,85.71428571428643,77.56132756132791,59.06706333732842,0.032167129859347166
2022-07-07 02:45:00,126.4,126.8,126.1,126.8,1004.454,2022-07-07 02:59:59.999,100.0,89.68253968253985,62.86144735842125,0.06799021394301799
2022-07-07 03:00:00,126.7,126.9,126.5,126.8,330.096,2022-07-07 03:14:59.999,93.33333333333276,93.01587301587305,62.861447358421245,0.08496900875725119
2022-07-07 03:15:00,126.8,126.8,126.1,126.7,614.967,2022-07-07 03:29:59.999,86.66666666666647,93.33333333333307,61.21615233614047,0.08267108371145127
2022-07-07 03:30:00,126.7,127.0,126.5,126.8,1412.892,2022-07-07 03:44:59.999,87.49999999999977,89.16666666666633,62.27937201274407,0.08098645377865932
2022-07-07 03:45:00,126.7,126.9,126.5,126.6,527.334,2022-07-07 03:59:59.999,74.99999999999956,83.05555555555526,58.80707874492161,0.06044465277068056
2022-07-07 04:00:00,126.7,126.9,126.2,126.5,1951.231,2022-07-07 04:14:59.999,58.333333333333435,73.6111111111109,57.0930806352678,0.03540437820083464
2022-07-07 04:15:00,126.5,126.7,126.1,126.3,964.277,2022-07-07 04:29:59.999,22.2222222222224,51.851851851851784,53.72069643747871,0.0023947400011115616
2022-07-07 04:30:00,126.3,127.0,126.1,126.9,714.585,2022-07-07 04:44:59.999,88.8888888888896,56.48148148148179,61.13711946851156,0.017169151807948313
2022-07-07 04:45:00,126.9,127.0,126.8,127.0,767.991,2022-07-07 04:59:59.999,100.0,70.37037037037065,62.22369662281523,0.029171217468774435
2022-07-07 05:00:00,127.0,127.3,126.8,127.0,1289.924,2022-07-07 05:14:59.999,75.0000000000003,87.96296296296327,62.22369662281523,0.03235820867303335
2022-07-07 05:15:00,127.0,127.1,126.6,126.6,314.952,2022-07-07 05:29:59.999,41.666666666666565,72.22222222222227,55.07962332562015,0.004252198209077851
2022-07-07 05:30:00,126.6,127.0,126.4,127.0,604.697,2022-07-07 05:44:59.999,75.0000000000003,63.888888888889035,60.02260771090458,0.009050143491450835
2022-07-07 05:45:00,127.0,127.7,127.0,127.7,827.038,2022-07-07 05:59:59.999,100.0,72.22222222222227,66.88916063312053,0.05334480659777291
2022-07-07 06:00:00,127.7,128.7,127.7,128.4,3976.542,2022-07-07 06:14:59.999,88.46153846153909,87.82051282051312,72.05773330138044,0.1199516642192821
2022-07-07 06:15:00,128.4,128.4,127.9,128.0,466.813,2022-07-07 06:29:59.999,73.07692307692345,87.17948717948751,65.74244843280293,0.1265789072588258
2022-07-07 06:30:00,128.0,128.5,127.9,128.3,537.702,2022-07-07 06:44:59.999,82.60869565217477,81.38238573021242,68.00715119220925,0.1396485445839467
2022-07-07 06:45:00,128.4,128.4,127.2,127.4,2537.176,2022-07-07 06:59:59.999,43.47826086956554,66.38795986622124,56.03845188557506,0.07917153398989119
2022-07-07 07:00:00,127.6,128.0,127.4,127.9,514.574,2022-07-07 07:14:59.999,65.21739130434831,63.76811594202953,60.226383956310215,0.06493149554834055
2022-07-07 07:15:00,127.9,128.3,127.8,128.2,794.023,2022-07-07 07:29:59.999,78.26086956521723,62.318840579710354,62.53268080156556,0.06750685706244103
2022-07-07 07:30:00,128.4,128.5,127.7,127.8,871.29,2022-07-07 07:44:59.999,47.05882352941191,63.51236146632581,57.72630925863594,0.03566055433931342
2022-07-07 07:45:00,127.8,128.0,127.6,127.9,172.909,2022-07-07 07:59:59.999,46.6666666666673,57.3287865870988,58.5833664042681,0.015736409435110454
2022-07-07 08:00:00,128.0,128.4,128.0,128.2,144.191,2022-07-07 08:14:59.999,76.923076923076,56.88285570638505,61.12941467226661,0.017056964983501788
2022-07-07 08:15:00,128.1,128.5,128.0,128.5,449.657,2022-07-07 08:29:59.999,100.0,74.52991452991442,63.54297285073828,0.031585185219892176
2022-07-07 08:30:00,128.5,129.0,128.5,128.8,829.631,2022-07-07 08:44:59.999,88.8888888888895,88.60398860398847,65.8280020123743,0.05355813147004629
2022-07-07 08:45:00,128.8,128.9,128.6,128.8,688.628,2022-07-07 08:59:59.999,87.50000000000067,92.12962962963003,65.8280020123743,0.05977806064571933
2022-07-07 09:00:00,128.8,129.1,128.7,129.0,848.434,2022-07-07 09:14:59.999,93.33333333333371,89.90740740740794,67.40745560042863,0.06842553141186158
2022-07-07 09:15:00,129.0,129.0,128.6,129.0,600.429,2022-07-07 09:29:59.999,93.33333333333371,91.38888888888935,67.40745560042863,0.06522173512013296
2022-07-07 09:30:00,129.1,129.2,128.6,128.9,487.083,2022-07-07 09:44:59.999,81.250000000001,89.30555555555611,65.64792481442666,0.04822732262023233
2022-07-07 09:45:00,128.9,129.7,128.9,129.3,2248.87,2022-07-07 09:59:59.999,76.4705882352953,83.68464052287665,69.12015653667711,0.055279006320083646
2022-07-07 10:00:00,129.2,129.5,129.0,129.2,425.414,2022-07-07 10:14:59.999,70.58823529411745,76.10294117647123,67.28900403301334,0.04499783240968824
2022-07-07 10:15:00,129.2,129.3,129.1,129.2,343.134,2022-07-07 10:29:59.999,58.33333333333294,68.46405228758188,67.28900403301334,0.030670922487237795
2022-07-07 10:30:00,129.2,129.4,128.9,129.1,931.737,2022-07-07 10:44:59.999,45.45454545454569,58.12537136066535,65.28319057763942,0.008107592285425569
2022-07-07 10:45:00,129.1,129.4,129.1,129.3,756.839,2022-07-07 10:59:59.999,63.636363636365516,55.808080808081364,67.3776699903243,0.0006914607742363188
2022-07-07 11:00:00,129.3,129.5,129.2,129.3,623.366,2022-07-07 11:14:59.999,63.636363636365516,57.57575757575889,67.3776699903243,-0.009607042921753406
2022-07-07 11:15:00,129.4,129.5,129.2,129.3,223.31,2022-07-07 11:29:59.999,63.636363636365516,63.6363636363655,67.3776699903243,-0.021150400687028004
2022-07-07 11:30:00,129.4,129.5,129.2,129.4,687.531,2022-07-07 11:44:59.999,62.500000000001336,63.257575757577435,68.56211174994807,-0.026438914554325565
2022-07-07 11:45:00,129.3,129.5,128.9,129.5,1065.523,2022-07-07 11:59:59.999,100.0,75.37878787878894,69.74509661364249,-0.02746952117270729
2022-07-07 12:00:00,129.4,129.4,129.0,129.3,532.403,2022-07-07 12:14:59.999,66.66666666666825,76.38888888888985,64.51620862479542,-0.04486001846500087
2022-07-07 12:15:00,129.2,129.2,128.6,128.8,1475.219,2022-07-07 12:29:59.999,22.222222222223976,62.96296296296407,53.680923810241566,-0.09063599377237708
2022-07-07 12:30:00,128.8,128.8,127.4,128.0,4056.204,2022-07-07 12:44:59.999,28.571428571428378,39.15343915344019,41.63296441197069,-0.17074250589645035
2022-07-07 12:45:00,128.1,128.2,127.6,127.9,600.722,2022-07-07 12:59:59.999,23.809523809523874,24.867724867725396,40.41201214552879,-0.22310589628792288
2022-07-07 13:00:00,127.9,128.3,127.8,128.1,828.719,2022-07-07 13:14:59.999,33.33333333333288,28.571428571428367,43.95226357471035,-0.23568165738767316
2022-07-07 13:15:00,128.2,128.7,127.8,128.3,311.161,2022-07-07 13:29:59.999,42.857142857143245,33.33333333333332,47.32268130382968,-0.22212289491382115
2022-07-07 13:30:00,128.3,128.3,127.7,128.0,414.13,2022-07-07 13:44:59.999,28.571428571428378,34.920634920634825,43.13273381062416,-0.22429686100805185
2022-07-07 13:45:00,128.0,128.3,127.4,127.8,513.393,2022-07-07 13:59:59.999,19.999999999999574,30.476190476190386,40.5547823490168,-0.22932484938163114
2022-07-07 14:00:00,127.8,127.9,127.2,127.7,894.407,2022-07-07 14:14:59.999,25.000000000000178,24.523809523809362,39.290314069817185,-0.22897366406822733
2022-07-07 14:15:00,127.8,127.9,127.4,127.5,534.415,2022-07-07 14:29:59.999,18.749999999999723,21.24999999999981,36.817802103658096,-0.23112921569890504
2022-07-07 14:30:00,127.5,127.8,127.0,127.7,2883.82,2022-07-07 14:44:59.999,41.17647058823574,28.308823529411864,40.82789647775392,-0.20868908814195916
2022-07-07 14:45:00,127.6,127.8,127.1,127.7,1177.53,2022-07-07 14:59:59.999,41.17647058823574,33.70098039215705,40.82789647775392,-0.18429710205295463
2022-07-07 15:00:00,127.8,128.4,127.4,128.4,1640.925,2022-07-07 15:14:59.999,82.35294117647148,54.901960784314305,52.94953203029629,-0.11486798201905457
2022-07-07 15:15:00,128.4,129.4,128.3,129.3,3804.351,2022-07-07 15:29:59.999,95.83333333333358,73.12091503268026,63.346166397323906,-0.00782470801117778
2022-07-07 15:30:00,129.3,129.9,129.2,129.9,2630.017,2022-07-07 15:44:59.999,100.0,92.728758169935,68.36487322763736,0.09805553864324011
2022-07-07 15:45:00,129.8,130.0,129.4,129.7,1229.895,2022-07-07 15:59:59.999,89.99999999999962,95.27777777777771,65.16206672290534,0.14637878533436843
2022-07-07 16:00:00,129.7,130.0,128.9,129.2,1970.306,2022-07-07 16:14:59.999,73.33333333333296,87.7777777777775,57.8636567253874,0.13661430906451377
2022-07-07 16:15:00,129.2,129.5,128.9,129.1,898.534,2022-07-07 16:29:59.999,69.99999999999982,77.77777777777744,56.500639179401155,0.1161691372524853
2022-07-07 16:30:00,129.0,129.2,128.7,129.2,348.338,2022-07-07 16:44:59.999,72.41379310344794,71.91570881226022,57.57681571280292,0.10260004188562646
2022-07-07 16:45:00,129.2,129.3,128.7,129.2,543.208,2022-07-07 16:59:59.999,69.23076923076873,70.54818744473882,57.57681571280292,0.08743643979279636
2022-07-07 17:00:00,129.2,129.9,129.2,129.5,1287.515,2022-07-07 17:14:59.999,70.58823529411745,70.74426587611136,60.93909343022952,0.09101434666566782
2022-07-07 17:15:00,129.7,130.7,129.7,130.4,1497.105,2022-07-07 17:29:59.999,85.00000000000085,74.93966817496234,68.90195761018191,0.14423466666862175
2022-07-07 17:30:00,130.4,131.5,130.3,131.2,2414.411,2022-07-07 17:44:59.999,89.28571428571392,81.62464985994406,73.9797076885045,0.21906948600841225
2022-07-07 17:45:00,131.2,131.4,131.0,131.3,933.855,2022-07-07 17:59:59.999,92.85714285714329,89.04761904761934,74.5393398016468,0.2583572215574384
2022-07-07 18:00:00,131.3,131.5,130.6,131.0,1559.847,2022-07-07 18:14:59.999,82.14285714285721,88.09523809523812,69.69642429476983,0.24718929173520154
2022-07-07 18:15:00,131.0,131.0,130.2,130.3,627.332,2022-07-07 18:29:59.999,57.14285714285772,77.38095238095273,59.91468469930379,0.17889170975816282
2022-07-07 18:30:00,130.3,130.6,129.7,130.1,1305.801,2022-07-07 18:44:59.999,50.0,63.0952380952383,57.434439456571496,0.1098677422156365
2022-07-07 18:45:00,130.1,130.3,129.4,130.1,2091.294,2022-07-07 18:59:59.999,39.13043478260875,48.75776397515548,57.434439456571496,0.05651996266342002
2022-07-07 19:00:00,130.1,130.3,129.8,130.3,894.013,2022-07-07 19:14:59.999,42.857142857143245,43.99585921325065,59.38439041808548,0.02842900513830182
2022-07-07 19:15:00,130.3,131.0,130.2,131.0,534.021,2022-07-07 19:29:59.999,76.19047619047613,52.72601794340937,65.3648567357685,0.04948514522087244
2022-07-07 19:30:00,130.9,131.4,130.5,131.0,854.267,2022-07-07 19:44:59.999,76.19047619047613,65.07936507936516,65.3648567357685,0.05545678496155371
2022-07-07 19:45:00,131.1,131.3,130.0,130.2,5482.568,2022-07-07 19:59:59.999,38.095238095237384,63.4920634920632,54.69104356226626,0.0004801806156057298
2022-07-07 20:00:00,130.3,130.7,130.1,130.4,853.876,2022-07-07 20:14:59.999,50.0,54.761904761904496,56.59913154037748,-0.02599906852689593
2022-07-07 20:15:00,130.5,130.7,130.2,130.5,677.184,2022-07-07 20:29:59.999,54.999999999999716,47.69841269841236,57.561473278403305,-0.039551150763971865
2022-07-07 20:30:00,130.5,131.1,130.2,130.9,815.636,2022-07-07 20:44:59.999,75.0,59.99999999999989,61.26160511834231,-0.025054868462691005
2022-07-07 20:45:00,131.0,131.5,131.0,131.4,540.925,2022-07-07 20:59:59.999,94.11764705882382,74.70588235294117,65.33069037994812,0.012700537766998865
2022-07-07 21:00:00,131.4,131.4,130.0,130.6,945.753,2022-07-07 21:14:59.999,39.99999999999962,69.70588235294115,55.31847793212449,-0.01993679856911168
2022-07-07 21:15:00,130.7,130.7,130.0,130.3,336.85,2022-07-07 21:29:59.999,20.000000000000757,51.37254901960805,52.09430024221199,-0.06302976720445985
2022-07-07 21:30:00,130.3,130.5,129.9,130.5,773.733,2022-07-07 21:44:59.999,37.49999999999978,32.50000000000004,54.01839432247285,-0.07836462948419415
2022-07-07 21:45:00,130.4,130.5,130.1,130.4,522.375,2022-07-07 21:59:59.999,31.25000000000011,29.583333333333538,52.874875904388674,-0.09446405994693446
2022-07-07 22:00:00,130.4,130.7,130.0,130.7,259.259,2022-07-07 22:14:59.999,49.99999999999911,39.583333333332995,55.89155542174192,-0.08445637995888944
2022-07-07 22:15:00,130.7,130.9,130.3,130.5,390.981,2022-07-07 22:29:59.999,37.49999999999978,39.583333333332995,53.4357064929573,-0.09032622677614977
2022-07-07 22:30:00,130.4,130.5,130.2,130.2,129.773,2022-07-07 22:44:59.999,18.749999999999,35.416666666665954,49.89425013535988,-0.11201598736634594
2022-07-07 22:45:00,130.2,130.4,129.9,130.2,348.014,2022-07-07 22:59:59.999,19.999999999998863,25.416666666665872,49.89425013535988,-0.1230837440969576
2022-07-07 23:00:00,130.2,130.3,129.4,129.9,565.792,2022-07-07 23:14:59.999,33.333333333333336,24.02777777777706,46.33294176474822,-0.1457784108896007
2022-07-07 23:15:00,129.9,130.2,129.2,129.4,332.695,2022-07-07 23:29:59.999,11.764705882353827,21.699346405228667,41.07119596658883,-0.187002182001205
2022-07-07 23:30:00,129.4,129.9,129.3,129.7,704.55,2022-07-07 23:44:59.999,29.411764705882057,24.836601307189728,45.09975907836131,-0.1861982716772418
2022-07-07 23:45:00,129.7,130.2,129.4,130.1,851.704,2022-07-07 23:59:59.999,52.94117647058804,31.37254901960797,50.007182980431075,-0.15228821724157351
2022-07-08 00:00:00,130.1,130.5,130.1,130.2,439.529,2022-07-08 00:14:59.999,58.82352941176411,47.0588235294114,51.182036372373254,-0.11820369762998334
2022-07-08 00:15:00,130.2,130.7,130.2,130.6,292.985,2022-07-08 00:29:59.999,93.33333333333371,68.36601307189528,55.66971045190064,-0.0663818841837411
2022-07-08 00:30:00,130.6,130.8,130.4,130.6,241.391,2022-07-08 00:44:59.999,87.49999999999912,79.8856209150323,55.66971045190065,-0.03153503146814954
2022-07-08 00:45:00,130.7,130.8,130.4,130.4,122.747,2022-07-08 00:59:59.999,75.0,85.2777777777776,52.85233208749759,-0.021846142927811327
2022-07-08 01:00:00,130.4,130.7,130.0,130.2,114.334,2022-07-08 01:14:59.999,62.49999999999911,74.9999999999994,50.120665294868175,-0.028383894710462293
2022-07-08 01:15:00,130.1,130.3,130.0,130.2,280.055,2022-07-08 01:29:59.999,59.99999999999849,65.83333333333252,50.12066529486819,-0.03192124513266517
2022-07-08 01:30:00,130.2,130.5,129.9,130.3,301.513,2022-07-08 01:44:59.999,64.28571428571443,62.261904761904,51.572103481243836,-0.026938046998850704
2022-07-08 01:45:00,130.3,130.7,130.2,130.7,137.417,2022-07-08 01:59:59.999,88.88888888888643,71.05820105819977,56.96634956726289,0.0023311348223613165
2022-07-08 02:00:00,130.8,131.2,130.6,131.1,232.34,2022-07-08 02:14:59.999,92.30769230769265,81.82743182743117,61.57556799166211,0.045282648717220444
2022-07-08 02:15:00,131.1,133.0,131.0,132.9,2501.215,2022-07-08 02:29:59.999,96.77419354838727,92.65692491498878,74.70510038181214,0.1837999149812175
2022-07-08 02:30:00,132.8,132.9,132.1,132.4,793.298,2022-07-08 02:44:59.999,80.64516129032273,89.90901571546755,67.7771135362,0.22775509546163092
2022-07-08 02:45:00,132.4,132.7,132.0,132.5,598.23,2022-07-08 02:59:59.999,83.87096774193546,87.09677419354848,68.40813872218406,0.2479078877095725
2022-07-08 03:00:00,132.6,132.9,132.2,132.8,914.342,2022-07-08 03:14:59.999,93.54838709677455,86.02150537634424,70.2879766926539,0.26428386201259807
2022-07-08 03:15:00,132.8,132.9,131.8,131.9,1119.797,2022-07-08 03:29:59.999,64.51612903225818,80.64516129032272,58.95439172748063,0.20025059140202262
2022-07-08 03:30:00,132.0,132.1,131.7,131.9,451.76,2022-07-08 03:44:59.999,60.71428571428608,72.92626728110626,58.95439172748063,0.1461545795524995
2022-07-08 03:45:00,132.0,132.1,131.8,132.1,281.792,2022-07-08 03:59:59.999,62.49999999999985,62.57680491551469,60.59206330842922,0.1135532682209473
2022-07-08 04:00:00,132.2,132.2,131.9,132.2,240.041,2022-07-08 04:14:59.999,59.99999999999943,61.07142857142845,61.42089612826756,0.08949285611415125
2022-07-08 04:15:00,132.2,132.6,132.2,132.4,152.423,2022-07-08 04:29:59.999,58.333333333333925,60.277777777777736,63.09279159128053,0.07822479479740652
2022-07-08 04:30:00,132.5,133.0,132.5,132.9,169.729,2022-07-08 04:44:59.999,92.30769230769282,70.21367521367539,66.9490459810051,0.09453243053538873
2022-07-08 04:45:00,132.9,133.1,132.5,133.1,565.039,2022-07-08 04:59:59.999,100.0,83.5470085470089,68.37256453310353,0.10790834806834437
2022-07-08 05:00:00,133.1,133.5,132.8,133.5,614.137,2022-07-08 05:14:59.999,100.0,97.43589743589762,71.05747737449151,0.13126312153812758
2022-07-08 05:15:00,133.5,133.8,133.1,133.1,322.768,2022-07-08 05:29:59.999,66.66666666666622,88.88888888888873,65.10540828236236,0.10829484650942178
2022-07-08 05:30:00,133.2,133.3,132.8,133.1,349.696,2022-07-08 05:44:59.999,64.99999999999915,77.22222222222177,65.10540828236236,0.08277645670478806
2022-07-08 05:45:00,133.0,133.1,132.6,132.8,166.567,2022-07-08 05:59:59.999,47.36842105263174,59.67836257309903,60.6839773413292,0.03766345708916907
2022-07-08 06:00:00,132.8,133.0,132.6,132.8,346.149,2022-07-08 06:14:59.999,37.50000000000089,49.95614035087724,60.6839773413292,0.001693290148297888
2022-07-08 06:15:00,132.8,133.2,132.3,132.6,1598.127,2022-07-08 06:29:59.999,19.999999999998863,34.956140350877156,57.65655788064661,-0.03942810292351018
2022-07-08 06:30:00,132.7,133.0,132.3,132.7,171.361,2022-07-08 06:44:59.999,26.66666666666515,28.055555555554957,58.76427007082208,-0.06238736959634361
2022-07-08 06:45:00,132.6,132.7,131.1,131.8,614.592,2022-07-08 06:59:59.999,25.925925925926393,24.197530864196793,46.878186679163015,-0.13643487498644025
2022-07-08 07:00:00,132.0,132.3,131.7,132.2,215.035,2022-07-08 07:14:59.999,40.74074074074027,31.111111111110592,51.56705926345114,-0.15534788042960357
2022-07-08 07:15:00,132.1,132.4,131.2,131.4,1446.349,2022-07-08 07:29:59.999,13.636363636364047,26.767676767676893,43.32957419697327,-0.21493932577926794
2022-07-08 07:30:00,131.4,131.8,130.8,131.2,2080.671,2022-07-08 07:44:59.999,16.666666666665876,23.681257014590056,41.542906264716855,-0.25812285866276047
2022-07-08 07:45:00,131.2,131.5,131.1,131.3,322.12,2022-07-08 07:59:59.999,20.83333333333353,17.045454545454476,42.81264428711591,-0.2690248643822897
2022-07-08 08:00:00,131.2,131.2,129.9,130.3,3351.807,2022-07-08 08:14:59.999,12.121212121212356,16.54040404040391,34.69653791649874,-0.3287082012334178
2022-07-08 08:15:00,130.3,130.8,129.9,130.8,1026.754,2022-07-08 08:29:59.999,29.032258064516366,20.662267839687406,40.74513149706462,-0.3193623440386827
2022-07-08 08:30:00,130.8,131.3,130.6,131.2,368.595,2022-07-08 08:44:59.999,46.428571428571104,29.194013871433267,45.12412524049127,-0.2728941256105052
2022-07-08 08:45:00,131.2,131.2,130.5,130.7,597.495,2022-07-08 08:59:59.999,31.999999999999318,35.82027649769558,41.04125468075151,-0.2624081876587632
2022-07-08 09:00:00,130.6,131.0,130.5,130.9,501.665,2022-07-08 09:14:59.999,40.0,39.47619047619013,43.253045490497755,-0.229754490199934
2022-07-08 09:15:00,130.9,130.9,130.0,130.4,1073.869,2022-07-08 09:29:59.999,26.31578947368413,32.77192982456114,39.28524377591337,-0.22906693903599679
2022-07-08 09:30:00,130.4,130.4,128.9,129.6,1716.565,2022-07-08 09:44:59.999,26.923076923076543,31.079622132253547,33.923153171125705,-0.2670744009064562
2022-07-08 09:45:00,129.7,129.8,128.6,128.7,1450.784,2022-07-08 09:59:59.999,3.7037037037034697,18.980856700154707,29.109482388631818,-0.3331157831427764
2022-07-08 10:00:00,128.6,128.8,128.0,128.1,1553.646,2022-07-08 10:14:59.999,3.0303030303028478,11.219027885694276,26.41810129832622,-0.39336174777463645
2022-07-08 10:15:00,128.1,129.2,128.0,129.2,722.841,2022-07-08 10:29:59.999,36.36363636363589,14.365881032547392,37.77659197438992,-0.3374304844280935
2022-07-08 10:30:00,129.1,129.1,128.4,128.7,897.883,2022-07-08 10:44:59.999,21.874999999999723,20.422979797979476,35.12260743892166,-0.3129527843373096
2022-07-08 10:45:00,128.8,129.0,128.5,129.0,522.433,2022-07-08 10:59:59.999,33.333333333333336,30.52398989898964,37.93985078478998,-0.2577053160712215
2022-07-08 11:00:00,129.0,129.5,128.8,129.4,501.959,2022-07-08 11:14:59.999,48.275862068965615,34.49473180076621,41.582342185070566,-0.17909898787545242
2022-07-08 11:15:00,129.3,129.9,129.1,129.7,1366.673,2022-07-08 11:29:59.999,70.83333333333269,50.81417624521054,44.22633836884469,-0.09594601598728625
2022-07-08 11:30:00,129.9,129.9,129.5,129.9,419.778,2022-07-08 11:44:59.999,100.0,73.03639846743276,45.9816390067014,-0.020465398109438482
2022-07-08 11:45:00,129.9,129.9,128.9,129.2,709.733,2022-07-08 11:59:59.999,63.15789473684132,77.99707602339133,41.10551065662428,-0.011139734455913652
2022-07-08 12:00:00,129.2,129.5,128.9,129.5,536.709,2022-07-08 12:14:59.999,78.94736842105239,80.70175438596456,43.85353754387437,0.020075472351421708
2022-07-08 12:15:00,129.5,129.9,129.4,129.8,851.835,2022-07-08 12:29:59.999,93.33333333333371,78.47953216374246,46.539877372424094,0.06332851195280642
2022-07-08 12:30:00,129.8,130.0,129.6,129.7,1141.976,2022-07-08 12:44:59.999,79.99999999999925,84.09356725146178,45.75404222374912,0.08618783211387804
2022-07-08 12:45:00,129.7,129.9,129.4,129.5,246.019,2022-07-08 12:59:59.999,58.33333333333294,77.22222222222196,44.14844608003723,0.08848823480055834
2022-07-08 13:00:00,129.5,130.0,129.4,129.8,1387.719,2022-07-08 13:14:59.999,81.81818181818275,73.3838383838383,47.14465245048872,0.10948926471900855
2022-07-08 13:15:00,129.9,130.0,129.2,129.6,675.946,2022-07-08 13:29:59.999,63.63636363636293,67.92929292929286,45.396217207217994,0.10895219671356754
2022-07-08 13:30:00,129.5,129.5,128.1,128.4,1712.089,2022-07-08 13:44:59.999,15.789473684211078,53.748006379585576,36.62058644064195,0.03087763227128515
2022-07-08 13:45:00,128.3,129.0,128.1,129.0,638.137,2022-07-08 13:59:59.999,47.36842105263174,42.264752791068574,42.59584487820735,0.023098283395461883
2022-07-08 14:00:00,128.9,129.3,128.8,128.9,583.943,2022-07-08 14:14:59.999,42.10526315789521,35.087719298246,41.88704821067553,0.015061409782361368
2022-07-08 14:15:00,128.9,129.2,128.7,129.0,874.238,2022-07-08 14:29:59.999,47.36842105263174,45.61403508771955,42.91010179717212,0.020013635612144254
2022-07-08 14:30:00,129.2,129.6,128.6,129.5,602.15,2022-07-08 14:44:59.999,73.68421052631587,54.38596491228092,47.853288981903525,0.05832902387405703
2022-07-08 14:45:00,129.5,129.5,128.5,128.7,1105.508,2022-07-08 14:59:59.999,31.57894736842066,50.87719298245608,41.640726723156,0.0324513334235732
2022-07-08 15:00:00,128.7,129.5,128.7,129.1,352.838,2022-07-08 15:14:59.999,52.63157894736826,52.63157894736825,45.453824606796694,0.044202449585139914
2022-07-08 15:15:00,129.2,129.4,128.9,129.1,1611.798,2022-07-08 15:29:59.999,66.66666666666667,50.29239766081852,45.453824606796694,0.053294747962113476
2022-07-08 15:30:00,129.1,129.9,129.0,129.6,1404.362,2022-07-08 15:44:59.999,83.3333333333328,67.54385964912257,50.17345741508972,0.0920312799540971
2022-07-08 15:45:00,129.6,130.0,129.3,129.5,679.927,2022-07-08 15:59:59.999,66.66666666666667,72.22222222222204,49.255519124006895,0.10881725406203302
2022-07-08 16:00:00,129.6,130.0,129.3,129.8,935.88,2022-07-08 16:14:59.999,86.66666666666742,78.88888888888896,52.08752408357896,0.13624414423455927
2022-07-08 16:15:00,129.9,130.0,129.4,129.8,782.095,2022-07-08 16:29:59.999,86.66666666666742,80.0000000000005,52.08752408357896,0.14944696443458794
2022-07-08 16:30:00,129.7,130.0,129.3,129.3,1987.206,2022-07-08 16:44:59.999,53.33333333333409,75.5555555555563,47.01567852854671,0.1207928477195534
2022-07-08 16:45:00,129.4,129.8,129.1,129.6,836.139,2022-07-08 16:59:59.999,69.23076923076906,69.74358974359018,50.151968792110516,0.11818452971698182
2022-07-08 17:00:00,129.6,129.7,128.8,128.8,379.203,2022-07-08 17:14:59.999,0.0,40.854700854701036,42.86531252779377,0.06156914944722103
2022-07-08 17:15:00,128.8,129.2,128.6,128.7,562.383,2022-07-08 17:29:59.999,7.142857142856708,25.457875457875247,42.04301525843175,0.018603096751892978
2022-07-08 17:30:00,128.7,128.8,128.3,128.7,412.307,2022-07-08 17:44:59.999,23.5294117647047,10.224089635853794,42.04301525843175,-0.007216104209643498
2022-07-08 17:45:00,128.6,129.5,128.5,129.3,1235.635,2022-07-08 17:59:59.999,58.8235294117651,29.83193277310883,48.86847925782245,0.01737253973622313
2022-07-08 18:00:00,129.3,129.6,128.9,129.6,417.544,2022-07-08 18:14:59.999,76.47058823529363,52.9411764705878,51.91755114337996,0.05308197228390088
2022-07-08 18:15:00,129.6,129.8,129.1,129.8,275.909,2022-07-08 18:29:59.999,88.23529411764765,74.50980392156879,53.891576171863235,0.08738700128651172
2022-07-08 18:30:00,129.7,129.8,129.4,129.6,231.175,2022-07-08 18:44:59.999,86.66666666666553,83.79084967320227,51.609750210990676,0.09328721286867378
2022-07-08 18:45:00,129.6,129.8,129.3,129.3,152.441,2022-07-08 18:59:59.999,66.66666666666667,80.52287581699328,48.30577608513558,0.0744801495337355
2022-07-08 19:00:00,129.4,129.7,129.1,129.2,169.035,2022-07-08 19:14:59.999,59.99999999999849,71.11111111111022,47.220600987044065,0.053766719714367306
2022-07-08 19:15:00,129.1,129.8,129.1,129.7,335.791,2022-07-08 19:29:59.999,93.33333333333182,73.3333333333323,52.91605426567817,0.07111230159394469
2022-07-08 19:30:00,129.8,129.9,129.6,129.8,398.118,2022-07-08 19:44:59.999,92.85714285714329,82.06349206349118,53.985534863494365,0.08571410576954784
2022-07-08 19:45:00,129.8,129.8,129.2,129.5,744.733,2022-07-08 19:59:59.999,59.99999999999943,82.0634920634915,50.294671453969656,0.07210828722064146
2022-07-08 20:00:00,129.3,129.8,129.2,129.6,790.65,2022-07-08 20:14:59.999,62.49999999999911,71.78571428571392,51.48532957589131,0.06689843286577385
2022-07-08 20:15:00,129.5,129.9,129.3,129.6,651.013,2022-07-08 20:29:59.999,62.49999999999911,61.66666666666587,51.48532957589131,0.060689873942650026
2022-07-08 20:30:00,129.5,130.3,129.4,130.2,2582.598,2022-07-08 20:44:59.999,91.6666666666649,72.22222222222102,58.416762786512564,0.09233308305373403
2022-07-08 20:45:00,130.2,130.5,129.9,130.1,793.739,2022-07-08 20:59:59.999,71.42857142857113,75.1984126984117,56.956186340776775,0.10115944730281641
2022-07-08 21:00:00,130.1,130.3,129.9,130.1,272.698,2022-07-08 21:14:59.999,71.42857142857113,78.17460317460237,56.956186340776775,0.10137316616826149
2022-07-08 21:15:00,130.1,130.3,129.8,130.2,346.866,2022-07-08 21:29:59.999,76.92307692307625,73.26007326007282,58.16916376918441,0.10232815869619817
2022-07-08 21:30:00,130.2,130.6,129.9,130.1,1057.481,2022-07-08 21:44:59.999,64.28571428571443,70.87912087912059,56.455854956272695,0.09070094557250936
2022-07-08 21:45:00,130.1,130.1,129.3,129.5,1226.282,2022-07-08 21:59:59.999,21.428571428572155,54.21245421245427,47.42923981967104,0.039681409718493085
2022-07-08 22:00:00,129.5,130.0,129.5,129.9,439.475,2022-07-08 22:14:59.999,46.153846153846324,43.95604395604429,52.842513795285335,0.030373279366696232
2022-07-08 22:15:00,129.8,130.2,129.8,130.0,551.4,2022-07-08 22:29:59.999,53.846153846153676,40.4761904761907,54.11459550309365,0.028482471480580973
2022-07-08 22:30:00,130.0,130.3,128.9,128.9,1174.93,2022-07-08 22:44:59.999,0.0,33.33333333333332,41.00981983090632,-0.045306297002768905
2022-07-08 22:45:00,128.9,128.9,128.1,128.2,693.558,2022-07-08 22:59:59.999,3.9999999999997726,19.282051282051135,35.17255807848116,-0.1346608573769471
2022-07-08 23:00:00,128.1,128.5,128.1,128.5,543.641,2022-07-08 23:14:59.999,16.000000000000227,6.666666666666653,39.16883296139339,-0.16496305769188993
2022-07-08 23:15:00,128.4,128.6,127.1,127.2,2916.527,2022-07-08 23:29:59.999,2.8571428571431006,7.619047619047685,30.418242364049235,-0.25839616927469056
2022-07-08 23:30:00,127.3,127.5,127.1,127.3,597.607,2022-07-08 23:44:59.999,6.250000000000055,8.36904761904778,31.68259845273451,-0.29656692840843635
2022-07-08 23:45:00,127.3,127.5,127.0,127.0,472.882,2022-07-08 23:59:59.999,0.0,3.0357142857143713,29.925785570713032,-0.3229504708767178
2022-07-09 00:00:00,127.1,127.2,126.8,127.0,628.017,2022-07-09 00:14:59.999,5.714285714285772,3.9880952380952617,29.925785570713032,-0.3206815768079182
2022-07-09 00:15:00,126.9,127.5,126.9,127.0,1062.575,2022-07-09 00:29:59.999,5.714285714285772,3.8095238095238337,29.925785570713032,-0.2998419316031039
2022-07-09 00:30:00,127.0,127.2,126.9,127.0,308.791,2022-07-09 00:44:59.999,9.52380952380962,6.98412698412704,29.925785570713032,-0.26777154758507826
2022-07-09 00:45:00,127.0,127.2,125.0,125.3,4403.811,2022-07-09 00:59:59.999,8.333333333333268,7.857142857142873,21.035381399555064,-0.33822285954697184
2022-07-09 01:00:00,125.2,125.7,124.8,125.6,3307.236,2022-07-09 01:14:59.999,21.05263157894731,12.969924812030051,25.255385458248853,-0.3408334042377742
2022-07-09 01:15:00,125.6,126.4,125.5,126.4,1236.471,2022-07-09 01:29:59.999,59.259259259259515,29.548408057180016,35.20041280025744,-0.26810016105013423
2022-07-09 01:30:00,126.4,126.6,126.1,126.5,696.022,2022-07-09 01:44:59.999,62.962962962963005,47.758284600389935,36.34061844434755,-0.19601699824013863
2022-07-09 01:45:00,126.5,126.6,125.6,125.7,544.449,2022-07-09 01:59:59.999,33.333333333333506,51.85185185185199,31.55676282956057,-0.18510914676970658
2022-07-09 02:00:00,125.7,126.3,125.7,126.2,310.842,2022-07-09 02:14:59.999,51.85185185185201,49.38271604938283,37.12748245568385,-0.12973173873047172
2022-07-09 02:15:00,126.3,127.2,126.3,126.6,932.644,2022-07-09 02:29:59.999,74.9999999999997,53.395061728395056,41.24734676958186,-0.05547073089580978
2022-07-09 02:30:00,126.6,127.1,126.5,127.0,303.493,2022-07-09 02:44:59.999,91.66666666666657,72.83950617283942,45.120101932901036,0.02685969572963498
2022-07-09 02:45:00,127.0,127.0,126.3,126.4,1055.68,2022-07-09 02:59:59.999,66.66666666666687,77.7777777777777,40.77805053525351,0.04605309821682313
2022-07-09 03:00:00,126.5,126.9,126.5,126.9,121.075,2022-07-09 03:14:59.999,82.35294117647078,80.22875816993472,45.48604572798656,0.09476175314061341
2022-07-09 03:15:00,126.9,127.2,126.7,127.1,273.99,2022-07-09 03:29:59.999,93.7499999999995,80.92320261437904,47.29106654360518,0.14005532795881415
2022-07-09 03:30:00,127.1,127.3,126.9,126.9,111.711,2022-07-09 03:44:59.999,76.47058823529466,84.1911764705883,45.662813569990604,0.1549877527421316
2022-07-09 03:45:00,126.9,127.1,126.5,126.8,928.675,2022-07-09 03:59:59.999,68.74999999999989,79.65686274509801,44.831658112805286,0.15613613243746272
2022-07-09 04:00:00,126.8,126.9,126.1,126.2,587.404,2022-07-09 04:14:59.999,8.333333333334025,51.18464052287618,40.11375668522645,0.11632004201398649
2022-07-09 04:15:00,126.2,126.4,125.4,125.5,814.536,2022-07-09 04:29:59.999,5.263157894736566,27.448830409356813,35.42931068610423,0.0462685573000311
2022-07-09 04:30:00,125.4,126.2,125.4,125.9,865.005,2022-07-09 04:44:59.999,26.31578947368433,13.304093567251627,39.75850683612883,0.0310323025832131
2022-07-09 04:45:00,125.9,126.3,125.9,126.2,147.505,2022-07-09 04:59:59.999,42.105263157894775,24.561403508771875,42.853146657192234,0.044499386453548895
2022-07-09 05:00:00,126.2,126.4,126.0,126.1,134.02,2022-07-09 05:14:59.999,36.842105263157464,35.08771929824551,42.07721267291963,0.04962271145434205
2022-07-09 05:15:00,126.1,126.2,125.8,125.9,208.885,2022-07-09 05:29:59.999,26.31578947368433,35.08771929824551,40.497826082734264,0.04275289029995566
2022-07-09 05:30:00,126.0,126.1,125.8,126.0,246.378,2022-07-09 05:44:59.999,35.29411764705873,32.81733746130016,41.676622579039915,0.04777398151838175
2022-07-09 05:45:00,126.0,126.2,125.9,126.2,227.662,2022-07-09 05:59:59.999,53.333333333333144,38.314413484692054,44.063425440965695,0.0662577321624036
2022-07-09 06:00:00,126.2,126.7,126.1,126.3,653.237,2022-07-09 06:14:59.999,69.23076923076873,52.61940673705352,45.269456067353,0.08567788701169965
2022-07-09 06:15:00,126.2,126.6,126.2,126.5,50.278,2022-07-09 06:29:59.999,84.61538461538436,69.05982905982873,47.69826442557031,0.11085341441464719
2022-07-09 06:30:00,126.5,126.7,126.4,126.5,83.792,2022-07-09 06:44:59.999,77.7777777777776,77.20797720797688,47.69826442557031,0.12530036496873304
2022-07-09 06:45:00,126.6,126.7,126.3,126.5,92.369,2022-07-09 06:59:59.999,77.7777777777776,80.05698005697984,47.69826442557031,0.1319799335030974
2022-07-09 07:00:00,126.5,126.5,125.7,126.0,1735.125,2022-07-09 07:14:59.999,29.999999999999716,61.85185185185162,41.8932700362133,0.10123126257258913
2022-07-09 07:15:00,126.0,126.1,125.8,126.0,204.03,2022-07-09 07:29:59.999,29.999999999999716,45.92592592592566,41.8932700362133,0.08031329777540419
2022-07-09 07:30:00,126.0,126.8,125.8,126.8,1014.651,2022-07-09 07:44:59.999,100.0,53.33333333333312,52.5981915570341,0.11752466421288515
2022-07-09 07:45:00,126.7,127.2,126.7,127.1,398.61,2022-07-09 07:59:59.999,93.33333333333276,74.44444444444414,55.880670205572734,0.157042993607108
2022-07-09 08:00:00,127.0,127.6,127.0,127.3,340.441,2022-07-09 08:14:59.999,84.21052631578955,92.51461988304077,57.970242069828416,0.18919596743078393
2022-07-09 08:15:00,127.4,127.6,127.3,127.4,155.875,2022-07-09 08:29:59.999,89.47368421052687,89.00584795321639,59.01545133287719,0.20823398479344046
2022-07-09 08:30:00,127.4,127.5,127.1,127.4,363.303,2022-07-09 08:44:59.999,89.47368421052687,87.71929824561443,59.01545133287719,0.21119742344177653
2022-07-09 08:45:00,127.3,127.7,127.1,127.6,308.321,2022-07-09 08:59:59.999,94.99999999999957,91.31578947368443,61.25062088036653,0.2162124503321496
2022-07-09 09:00:00,127.5,127.7,126.9,126.9,254.371,2022-07-09 09:14:59.999,57.89473684210554,80.78947368421065,50.80669088150711,0.16432178764475702
2022-07-09 09:15:00,127.0,127.3,126.7,127.3,266.391,2022-07-09 09:29:59.999,78.94736842105239,77.28070175438582,55.478351918746284,0.1493088430662776
2022-07-09 09:30:00,127.3,127.4,127.1,127.4,255.829,2022-07-09 09:44:59.999,70.00000000000028,68.94736842105273,56.58828531434569,0.13871153692011684
2022-07-09 09:45:00,127.4,127.5,127.2,127.3,221.673,2022-07-09 09:59:59.999,59.99999999999943,69.64912280701735,55.10873144006751,0.11835771128299138
2022-07-09 10:00:00,127.4,127.8,127.4,127.8,136.267,2022-07-09 10:14:59.999,100.0,76.66666666666656,60.64881988155417,0.13097650654237483
2022-07-09 10:15:00,127.7,127.7,127.3,127.5,389.54,2022-07-09 10:29:59.999,72.72727272727285,77.57575757575741,56.16969836150762,0.11224775068847645
2022-07-09 10:30:00,127.6,127.6,127.3,127.3,336.068,2022-07-09 10:44:59.999,54.54545454545431,75.75757575757571,53.34138081030419,0.08097868048195786
2022-07-09 10:45:00,127.4,127.4,127.0,127.4,113.389,2022-07-09 10:59:59.999,63.63636363636422,63.63636363636379,54.57305073415,0.06244949286757087
2022-07-09 11:00:00,127.4,127.7,127.2,127.5,149.137,2022-07-09 11:14:59.999,72.72727272727285,63.636363636363775,55.82875333681666,0.05273441245569696
2022-07-09 11:15:00,127.5,127.8,127.4,127.7,134.61,2022-07-09 11:29:59.999,87.50000000000067,74.62121212121257,58.310808202579175,0.0553146982380367
2022-07-09 11:30:00,127.7,127.9,127.6,127.9,225.09,2022-07-09 11:44:59.999,100.0,86.74242424242449,60.68963839920677,0.06534014511934272
2022-07-09 11:45:00,127.9,129.2,127.9,128.9,1423.682,2022-07-09 11:59:59.999,86.36363636363707,91.28787878787922,69.92900912774026,0.13041173189541802
2022-07-09 12:00:00,128.9,128.9,128.5,128.6,466.132,2022-07-09 12:14:59.999,72.72727272727285,86.36363636363662,64.99371907529422,0.143313814952555
2022-07-09 12:15:00,128.5,128.7,128.3,128.6,304.212,2022-07-09 12:29:59.999,72.72727272727285,77.27272727272758,64.99371907529422,0.14165937322797412
2022-07-09 12:30:00,128.5,128.5,127.8,128.1,485.116,2022-07-09 12:44:59.999,50.0,65.15151515151523,57.19170914051666,0.09873621007085981
2022-07-09 12:45:00,128.1,128.1,126.7,127.1,568.793,2022-07-09 12:59:59.999,15.99999999999975,46.242424242424185,45.44242754778356,6.284326378164229e-05
2022-07-09 13:00:00,127.0,127.5,126.7,127.3,526.063,2022-07-09 13:14:59.999,23.999999999999908,29.999999999999872,47.75419600142364,-0.051799996843415796
2022-07-09 13:15:00,127.3,127.7,126.7,126.7,634.577,2022-07-09 13:29:59.999,0.0,13.333333333333206,42.003962330144404,-0.1225402382913004
2022-07-09 13:30:00,126.8,127.2,126.2,126.3,1901.793,2022-07-09 13:44:59.999,3.33333333333316,9.111111111111008,38.66164480141286,-0.18836132208014653
2022-07-09 13:45:00,126.3,126.3,125.2,126.0,3645.761,2022-07-09 13:59:59.999,21.62162162162153,8.318318318318214,36.32693882208887,-0.24083764323547036
2022-07-09 14:00:00,126.0,126.0,125.5,125.8,556.538,2022-07-09 14:14:59.999,17.14285714285705,14.0326040326039,34.81740884922122,-0.2752681461480088
2022-07-09 14:15:00,125.8,126.3,125.6,126.0,1765.916,2022-07-09 14:29:59.999,24.24242424242418,21.002301002300907,37.609416899046366,-0.27042851862199835
2022-07-09 14:30:00,126.0,126.0,125.7,125.8,261.129,2022-07-09 14:44:59.999,20.68965517241366,20.691645519231614,35.95104749144913,-0.26613953962906917
2022-07-09 14:45:00,125.8,126.2,125.3,125.8,1388.343,2022-07-09 14:59:59.999,23.999999999999773,22.977359804945852,35.95104749144913,-0.24905041322597568
2022-07-09 15:00:00,125.7,126.3,125.3,126.3,571.304,2022-07-09 15:14:59.999,43.99999999999977,29.563218390804384,43.21136305959364,-0.19235777447247743
2022-07-09 15:15:00,126.2,126.3,125.8,126.2,614.689,2022-07-09 15:29:59.999,50.0,39.333333333333165,42.181498416511644,-0.15166651924146834
2022-07-09 15:30:00,126.3,126.4,125.9,126.0,528.744,2022-07-09 15:44:59.999,66.66666666666627,53.55555555555534,40.12191893020584,-0.12917381174779213
2022-07-09 15:45:00,126.0,126.5,126.0,126.3,487.411,2022-07-09 15:59:59.999,83.33333333333313,66.66666666666646,44.49945510619382,-0.08706346115070701
2022-07-09 16:00:00,126.3,126.3,126.0,126.1,249.443,2022-07-09 16:14:59.999,66.66666666666627,72.22222222222187,42.28027234413354,-0.0665750427453996
2022-07-09 16:15:00,126.1,126.5,126.0,126.4,530.145,2022-07-09 16:29:59.999,91.66666666666715,80.5555555555555,46.58345805396245,-0.02865229940177949
2022-07-09 16:30:00,126.4,126.8,126.2,126.4,743.666,2022-07-09 16:44:59.999,73.3333333333339,77.22222222222243,46.58345805396245,-0.0008700265754629788
2022-07-09 16:45:00,126.4,126.5,126.0,126.2,166.561,2022-07-09 16:59:59.999,60.00000000000038,75.00000000000047,44.04461009682456,0.006338453337633332
2022-07-09 17:00:00,126.1,126.7,125.8,126.5,349.699,2022-07-09 17:14:59.999,70.00000000000028,67.77777777777817,48.57231282116328,0.03216818329632343
2022-07-09 17:15:00,126.6,126.8,126.4,126.5,196.815,2022-07-09 17:29:59.999,70.00000000000028,66.66666666666697,48.57231282116328,0.04909669796203603
2022-07-09 17:30:00,126.6,126.7,126.4,126.5,121.641,2022-07-09 17:44:59.999,70.00000000000028,70.00000000000027,48.57231282116328,0.05944678130958381
2022-07-09 17:45:00,126.5,127.0,126.5,127.0,145.648,2022-07-09 17:59:59.999,100.0,80.00000000000017,55.985932213447576,0.09690440354989552
2022-07-09 18:00:00,127.0,127.1,126.6,126.8,283.187,2022-07-09 18:14:59.999,76.92307692307709,82.30769230769243,52.712583531820144,0.10449568614446564
2022-07-09 18:15:00,126.8,127.0,126.6,126.9,750.425,2022-07-09 18:29:59.999,84.61538461538545,87.17948717948748,54.155867547234145,0.11187651041789617
2022-07-09 18:30:00,126.9,127.7,126.9,127.4,1049.322,2022-07-09 18:44:59.999,84.21052631578966,81.91632928475072,60.626732801935596,0.14401058481779155
2022-07-09 18:45:00,127.4,127.8,127.3,127.7,379.054,2022-07-09 18:59:59.999,95.00000000000028,87.9419703103918,63.91759716274918,0.17688323355104058
2022-07-09 19:00:00,127.7,128.1,127.1,127.4,914.882,2022-07-09 19:14:59.999,58.8235294117651,79.34468524251834,58.63943210357955,0.16980181684215456
2022-07-09 19:15:00,127.4,127.5,127.1,127.5,452.834,2022-07-09 19:29:59.999,64.70588235294127,72.8431372549022,59.83019602643265,0.16318923835745106
2022-07-09 19:30:00,127.4,127.8,127.3,127.8,581.009,2022-07-09 19:44:59.999,81.25000000000011,68.2598039215688,63.2485684301958,0.16960875235924172
2022-07-09 19:45:00,127.8,128.0,127.4,127.6,391.976,2022-07-09 19:59:59.999,66.66666666666667,70.874183006536,59.60682713581284,0.15156460336249034
2022-07-09 20:00:00,127.6,127.9,126.9,127.0,819.845,2022-07-09 20:14:59.999,26.666666666667044,58.1944444444446,50.25777491446525,0.09326049652860544
2022-07-09 20:15:00,127.0,127.6,126.9,127.3,478.278,2022-07-09 20:29:59.999,33.33333333333294,42.22222222222221,54.131598785486894,0.07000196361025651
2022-07-09 20:30:00,127.3,127.4,127.1,127.2,275.62,2022-07-09 20:44:59.999,25.0,28.333333333333314,52.65944107974761,0.04424195404299422
2022-07-09 20:45:00,127.3,127.3,127.1,127.3,241.888,2022-07-09 20:59:59.999,33.33333333333294,30.555555555555276,54.00649407306313,0.030927146042784293
2022-07-09 21:00:00,127.2,127.4,126.6,126.8,878.88,2022-07-09 21:14:59.999,14.28571428571443,24.206349206349106,46.83117751796541,-0.012250353994102847
2022-07-09 21:15:00,126.7,126.8,126.7,126.7,129.116,2022-07-09 21:29:59.999,7.142857142857723,18.25396825396835,45.52833615350938,-0.04632678840192567
2022-07-09 21:30:00,126.8,127.0,126.8,126.9,195.688,2022-07-09 21:44:59.999,21.428571428572155,14.285714285714755,48.60775477416666,-0.05366162092309286
2022-07-09 21:45:00,126.8,127.0,126.5,126.8,187.951,2022-07-09 21:59:59.999,21.42857142857114,16.666666666666995,47.171817760771035,-0.06287382486819869
2022-07-09 22:00:00,126.8,127.0,126.7,126.8,172.641,2022-07-09 22:14:59.999,27.272727272727156,23.37662337662347,47.171817760771035,-0.0662547413511393
2022-07-09 22:15:00,126.8,127.2,126.7,127.1,241.322,2022-07-09 22:29:59.999,66.66666666666562,38.455988455987956,52.09556934397327,-0.0465071794920916
2022-07-09 22:30:00,127.1,127.3,127.1,127.2,220.343,2022-07-09 22:44:59.999,77.7777777777776,57.239057239056784,53.646444872143974,-0.025955868799345527
2022-07-09 22:45:00,127.2,127.4,127.0,127.0,201.123,2022-07-09 22:59:59.999,55.5555555555552,66.66666666666613,50.14954696367856,-0.025064258044757898
2022-07-09 23:00:00,126.9,127.2,126.8,126.9,342.855,2022-07-09 23:14:59.999,44.4444444444448,59.25925925925918,48.44902692800306,-0.030102813152979316
2022-07-09 23:15:00,127.0,127.2,126.9,126.9,94.145,2022-07-09 23:29:59.999,44.4444444444448,48.148148148148245,48.44902692800305,-0.03214377517090294
2022-07-09 23:30:00,126.9,126.9,126.7,126.7,59.424,2022-07-09 23:44:59.999,22.2222222222224,37.037037037037315,44.91623961916884,-0.044889183909226825
2022-07-09 23:45:00,126.7,127.0,126.3,126.3,398.283,2022-07-09 23:59:59.999,0.0,22.222222222222385,38.819507261118986,-0.0763370183187191
2022-07-10 00:00:00,126.4,126.9,126.2,126.8,138.349,2022-07-10 00:14:59.999,49.99999999999941,24.074074074073923,48.2714069316219,-0.060248738425839235
2022-07-10 00:15:00,126.8,127.6,126.8,127.4,603.073,2022-07-10 00:29:59.999,85.71428571428643,45.23809523809527,56.88030791914171,-0.008690031788692933
2022-07-10 00:30:00,127.5,127.8,127.2,127.3,674.785,2022-07-10 00:44:59.999,68.74999999999989,68.1547619047619,55.23051449463773,0.017745500224631304
2022-07-10 00:45:00,127.3,127.3,127.1,127.2,195.992,2022-07-10 00:59:59.999,62.50000000000022,72.32142857142884,53.55760120929249,0.027008073245187454
2022-07-10 01:00:00,127.1,127.4,126.8,127.0,303.527,2022-07-10 01:14:59.999,50.0,60.41666666666669,50.27753225554845,0.01857808563729813
2022-07-10 01:15:00,127.0,127.6,127.0,127.5,361.236,2022-07-10 01:29:59.999,81.25000000000011,64.58333333333344,57.315631812644575,0.04413067912689446
2022-07-10 01:30:00,127.5,128.2,127.4,127.9,663.808,2022-07-10 01:44:59.999,85.00000000000075,72.08333333333361,61.95515377155445,0.08316103779581013
2022-07-10 01:45:00,127.9,128.0,126.4,126.5,622.756,2022-07-10 01:59:59.999,14.999999999999964,60.416666666666934,43.94943680809759,0.01353162697669643
2022-07-10 02:00:00,126.5,127.0,126.0,126.9,899.246,2022-07-10 02:14:59.999,40.909090909091375,46.96969696969736,48.55023335070163,-0.00571257993894133
2022-07-10 02:15:00,126.8,127.2,126.6,126.8,437.352,2022-07-10 02:29:59.999,36.363636363636424,30.75757575757591,47.50050727080297,-0.02426331582903251
2022-07-10 02:30:00,126.8,126.8,126.4,126.6,458.331,2022-07-10 02:44:59.999,27.272727272727156,34.84848484848497,45.386874093344666,-0.047733402663096225
2022-07-10 02:45:00,126.6,126.6,126.0,126.1,206.544,2022-07-10 02:59:59.999,4.5454545454543105,22.72727272727262,40.53123999660913,-0.09209300769603992
2022-07-10 03:00:00,126.1,126.7,125.9,126.5,435.978,2022-07-10 03:14:59.999,26.086956521739076,19.301712779973503,45.549913298746084,-0.08957455821324942
2022-07-10 03:15:00,126.5,126.5,124.8,124.8,1101.922,2022-07-10 03:29:59.999,0.0,10.210803689064452,32.85825962303976,-0.1916188091021402
2022-07-10 03:30:00,124.7,125.1,124.0,124.8,1113.977,2022-07-10 03:44:59.999,19.99999999999993,15.36231884057966,32.85825962303976,-0.24492484009966956
2022-07-10 03:45:00,124.7,125.3,124.7,125.2,279.022,2022-07-10 03:59:59.999,37.50000000000006,19.166666666666654,37.60261775727304,-0.23880301007572946
2022-07-10 04:00:00,125.1,125.4,125.0,125.4,424.133,2022-07-10 04:14:59.999,43.75000000000014,33.750000000000036,39.889733847008806,-0.20797311691691361
2022-07-10 04:15:00,125.5,125.5,123.9,124.3,2576.983,2022-07-10 04:29:59.999,13.793103448275609,31.681034482758594,32.77428315590424,-0.24576179256411818
2022-07-10 04:30:00,124.3,124.5,123.8,124.2,1260.395,2022-07-10 04:44:59.999,13.793103448276032,23.77873563218392,32.21175067749847,-0.26020050830068786
2022-07-10 04:45:00,124.2,124.4,122.8,123.0,3610.416,2022-07-10 04:59:59.999,5.1282051282051935,10.904804008252269,26.36396930887672,-0.3288534007992694
2022-07-10 05:00:00,123.0,123.3,122.4,122.8,1973.727,2022-07-10 05:14:59.999,9.756097560975416,9.559135379152204,25.532022704937532,-0.3633206036825367
2022-07-10 05:15:00,122.7,123.3,122.6,123.2,354.522,2022-07-10 05:29:59.999,25.80645161290318,13.563584767361254,30.2712875679522,-0.3354353714337307
2022-07-10 05:30:00,123.2,123.4,122.9,123.4,271.488,2022-07-10 05:44:59.999,32.25806451612909,22.606871230002554,32.58161973630031,-0.28192963846459973
2022-07-10 05:45:00,123.4,123.6,123.2,123.3,322.698,2022-07-10 05:59:59.999,29.032258064515908,29.032258064516054,32.01052227834141,-0.23367305540258165
2022-07-10 06:00:00,123.3,123.6,123.3,123.4,184.907,2022-07-10 06:14:59.999,32.25806451612909,31.18279569892469,33.270150507921386,-0.17794010670973393
2022-07-10 06:15:00,123.4,123.7,123.3,123.7,348.304,2022-07-10 06:29:59.999,61.90476190476193,41.0650281618023,37.038749791638516,-0.10727363588526362
2022-07-10 06:30:00,123.7,124.1,123.5,124.1,380.43,2022-07-10 06:44:59.999,84.99999999999943,59.72094214029681,41.76148431580683,-0.024325311173333697
2022-07-10 06:45:00,124.0,124.1,123.8,124.0,107.829,2022-07-10 06:59:59.999,94.11764705882382,80.34080298786172,40.93480399803352,0.030119363765022777
2022-07-10 07:00:00,124.0,124.1,123.6,123.7,217.535,2022-07-10 07:14:59.999,73.3333333333339,84.15032679738572,38.47422405644321,0.05101224252086811
2022-07-10 07:15:00,123.6,123.7,123.5,123.7,59.197,2022-07-10 07:29:59.999,66.66666666666706,78.03921568627491,38.47422405644321,0.06880929813347536
2022-07-10 07:30:00,123.7,123.8,123.4,123.7,117.977,2022-07-10 07:44:59.999,55.55555555555608,65.18518518518567,38.47422405644321,0.08357617040336596
2022-07-10 07:45:00,123.7,123.8,123.4,123.7,451.692,2022-07-10 07:59:59.999,50.00000000000089,57.407407407407995,38.47422405644321,0.09547919161490559
2022-07-10 08:00:00,123.5,123.7,123.4,123.7,165.973,2022-07-10 08:14:59.999,50.00000000000089,51.85185185185261,38.47422405644321,0.1047456140332026
2022-07-10 08:15:00,123.8,123.8,123.5,123.8,151.926,2022-07-10 08:29:59.999,57.142857142856855,52.38095238095286,40.20954102495722,0.11801673617164588
2022-07-10 08:30:00,123.8,123.9,123.5,123.8,306.49,2022-07-10 08:44:59.999,57.142857142856855,54.76190476190485,40.20954102495722,0.12645148196292455
2022-07-10 08:45:00,123.9,124.4,123.9,124.3,500.203,2022-07-10 08:59:59.999,89.99999999999915,68.0952380952376,48.61393573389871,0.16303334084677235
2022-07-10 09:00:00,124.3,124.6,124.2,124.6,599.328,2022-07-10 09:14:59.999,100.0,82.380952380952,52.89252243684786,0.20220446469991682
2022-07-10 09:15:00,124.5,124.8,124.2,124.5,1093.571,2022-07-10 09:29:59.999,78.57142857142864,89.52380952380925,51.35747406420774,0.21495714422994683
2022-07-10 09:30:00,124.5,124.7,124.0,124.3,889.702,2022-07-10 09:44:59.999,64.28571428571406,80.95238095238089,48.336037303871,0.20361104093998794
2022-07-10 09:45:00,124.2,124.4,123.9,124.2,217.845,2022-07-10 09:59:59.999,57.14285714285729,66.66666666666666,46.85184147700734,0.18367276456565246
2022-07-10 10:00:00,124.3,124.4,124.1,124.1,100.602,2022-07-10 10:14:59.999,46.15384615384582,55.86080586080572,45.352147314214434,0.15897565057043395
2022-07-10 10:15:00,124.2,124.3,123.9,124.1,209.25,2022-07-10 10:29:59.999,46.15384615384582,49.81684981684963,45.352147314214434,0.1386098815907823
2022-07-10 10:30:00,124.1,124.4,123.9,124.4,365.791,2022-07-10 10:44:59.999,55.55555555555608,49.28774928774923,50.82837184237685,0.1408559022047946
2022-07-10 10:45:00,124.4,124.4,124.1,124.3,230.719,2022-07-10 10:59:59.999,44.44444444444392,48.717948717948595,49.06343360836124,0.1313087097405884
2022-07-10 11:00:00,124.4,124.5,124.2,124.5,170.936,2022-07-10 11:14:59.999,66.66666666666667,55.55555555555555,52.60784747196469,0.1337162594312031
2022-07-10 11:15:00,124.5,124.5,123.9,124.2,414.576,2022-07-10 11:29:59.999,37.49999999999978,49.53703703703678,47.29193538042157,0.11127700385744088
2022-07-10 11:30:00,124.2,124.2,123.9,124.0,116.236,2022-07-10 11:44:59.999,16.666666666665876,40.27777777777744,44.093103949483876,0.08056869854382498
2022-07-10 11:45:00,124.0,124.0,123.4,123.8,475.868,2022-07-10 11:59:59.999,36.36363636363578,30.17676767676714,41.099299880461324,0.04610366079764108
2022-07-10 12:00:00,123.9,124.0,123.5,123.6,160.367,2022-07-10 12:14:59.999,18.181818181817242,23.737373737372952,38.298878154234195,0.010985610603393092
2022-07-10 12:15:00,123.6,123.7,123.0,123.3,691.942,2022-07-10 12:29:59.999,19.99999999999981,24.848484848484265,34.50134965738026,-0.029107593731844184
2022-07-10 12:30:00,123.3,123.7,123.2,123.6,420.093,2022-07-10 12:44:59.999,39.99999999999962,26.06060606060555,40.820661383266085,-0.03186043589119572
2022-07-10 12:45:00,123.6,124.4,123.6,124.4,313.81,2022-07-10 12:59:59.999,93.33333333333371,51.111111111111036,53.6600977023028,0.020916694380043566
2022-07-10 13:00:00,124.4,124.6,124.2,124.5,350.845,2022-07-10 13:14:59.999,93.75000000000033,75.69444444444456,54.97509056229087,0.06101223314768356
2022-07-10 13:15:00,124.6,124.9,124.6,124.7,393.192,2022-07-10 13:29:59.999,89.4736842105262,92.18567251462007,57.568501451074454,0.09730002880811908
2022-07-10 13:30:00,124.7,124.9,124.5,124.6,466.223,2022-07-10 13:44:59.999,84.21052631578893,89.14473684210515,55.83672005884745,0.1099318730531976
2022-07-10 13:45:00,124.4,124.6,124.4,124.5,413.002,2022-07-10 13:59:59.999,78.94736842105239,84.21052631578915,54.08458988597857,0.10682388611900133
2022-07-10 14:00:00,124.6,124.6,123.9,123.9,289.752,2022-07-10 14:14:59.999,47.36842105263174,70.175438596491,44.967065212709414,0.06186109859008773
2022-07-10 14:15:00,123.8,124.0,123.7,124.0,567.015,2022-07-10 14:29:59.999,47.05882352941152,57.79153766769854,46.583334113105785,0.0375529272458395
2022-07-10 14:30:00,123.9,123.9,122.4,123.0,1606.438,2022-07-10 14:44:59.999,23.999999999999773,39.475748194014336,35.39006418987924,-0.04282007722786252
2022-07-10 14:45:00,122.9,123.1,122.6,123.1,899.444,2022-07-10 14:59:59.999,27.999999999999545,33.01960784313693,37.01979238462742,-0.08382312142912579
2022-07-10 15:00:00,123.2,123.2,121.9,122.0,2394.05,2022-07-10 15:14:59.999,3.333333333333144,18.444444444444144,28.502882977637526,-0.17439053665494175
2022-07-10 15:15:00,122.0,122.4,121.6,121.7,789.243,2022-07-10 15:29:59.999,3.030303030303278,11.454545454545313,26.698813481955128,-0.23982464349306987
2022-07-10 15:30:00,121.7,121.8,121.1,121.5,635.432,2022-07-10 15:44:59.999,11.42857142857159,5.930735930735994,25.538300787169916,-0.2791471402859009
2022-07-10 15:45:00,121.6,121.9,121.3,121.4,1739.588,2022-07-10 15:59:59.999,8.571428571428896,7.676767676767912,24.954241419120123,-0.29302403632890495
2022-07-10 16:00:00,121.4,121.9,121.0,121.8,397.861,2022-07-10 16:14:59.999,26.666666666666572,15.555555555555676,31.68446010550045,-0.25764798000378997
2022-07-10 16:15:00,121.7,122.0,121.6,121.7,332.258,2022-07-10 16:29:59.999,24.137931034482808,19.79200875752608,30.937473926429377,-0.2245771986968701
2022-07-10 16:30:00,121.6,121.9,121.4,121.6,339.202,2022-07-10 16:44:59.999,27.27272727272698,26.02577499129211,30.17144176723255,-0.19417308725060667
2022-07-10 16:45:00,121.6,122.0,121.2,121.4,1304.577,2022-07-10 16:59:59.999,18.181818181818418,23.19749216300939,28.643846951928538,-0.17297343321221403
2022-07-10 17:00:00,121.3,121.7,120.6,120.8,1628.709,2022-07-10 17:14:59.999,11.1111111111112,18.855218855218855,24.617095209031618,-0.18378709973640683
2022-07-10 17:15:00,120.9,121.3,120.8,121.3,634.576,2022-07-10 17:29:59.999,50.0,26.43097643097653,33.06208499839737,-0.14348090694416016
2022-07-10 17:30:00,121.2,122.4,121.2,122.4,472.708,2022-07-10 17:44:59.999,100.0,53.703703703703724,47.102214555182286,-0.03462907361689316
2022-07-10 17:45:00,122.5,122.9,122.4,122.6,822.437,2022-07-10 17:59:59.999,86.95652173913001,78.98550724637666,49.189004023867476,0.054122675503462614
2022-07-10 18:00:00,122.6,123.0,122.6,122.9,593.601,2022-07-10 18:14:59.999,95.83333333333358,94.26328502415453,52.23300645943978,0.13188197775848365
2022-07-10 18:15:00,122.9,123.1,122.8,123.1,465.537,2022-07-10 18:29:59.999,100.0,94.26328502415453,54.20279534498001,0.1919928040759613
2022-07-10 18:30:00,123.0,123.8,123.0,123.6,833.913,2022-07-10 18:44:59.999,93.74999999999991,96.52777777777783,58.779280283276655,0.25659850744826473
2022-07-10 18:45:00,123.6,123.7,123.0,123.5,786.087,2022-07-10 18:59:59.999,90.6250000000001,94.79166666666667,57.540815229464506,0.28175933675800424
2022-07-10 19:00:00,123.5,123.6,122.8,122.9,552.905,2022-07-10 19:14:59.999,70.00000000000028,84.79166666666676,50.64574924679814,0.2483268924994978
2022-07-10 19:15:00,122.9,123.1,122.5,122.9,456.476,2022-07-10 19:29:59.999,65.38461538461564,75.33653846153867,50.64574924679814,0.2176465145524779
2022-07-10 19:30:00,122.9,123.5,122.8,123.3,822.596,2022-07-10 19:44:59.999,64.28571428571406,66.55677655677665,54.830642959127545,0.2153303996570633
2022-07-10 19:45:00,123.3,123.8,123.0,123.7,1433.113,2022-07-10 19:59:59.999,92.30769230769273,73.99267399267414,58.610175886300574,0.23042308836763864
2022-07-10 20:00:00,123.7,123.8,123.3,123.7,810.178,2022-07-10 20:14:59.999,92.30769230769273,82.96703296703316,58.610175886300574,0.2295838478769341
2022-07-10 20:15:00,123.7,123.9,123.0,123.6,857.251,2022-07-10 20:29:59.999,78.57142857142784,87.72893772893777,57.22193091595987,0.21189774277782708
2022-07-10 20:30:00,123.6,123.7,122.5,122.7,2767.694,2022-07-10 20:44:59.999,14.28571428571443,61.72161172161166,46.53806160391199,0.13304239530192902
2022-07-10 20:45:00,122.7,123.5,122.1,123.5,1855.725,2022-07-10 20:59:59.999,77.7777777777776,56.878306878306624,54.64446977806705,0.12816787732580326
2022-07-10 21:00:00,123.4,124.3,123.2,124.2,1505.402,2022-07-10 21:14:59.999,95.45454545454572,62.506012506012574,60.31476258174946,0.16324475342049338
2022-07-10 21:15:00,124.2,125.2,124.1,125.1,1285.801,2022-07-10 21:29:59.999,96.77419354838683,90.00217226023672,66.17071120306935,0.23391506647442994
2022-07-10 21:30:00,125.0,125.8,124.7,125.1,2229.226,2022-07-10 21:44:59.999,81.08108108108102,91.10327336133786,66.17071120306936,0.26522096447898125
2022-07-10 21:45:00,125.1,125.6,124.6,125.4,1147.684,2022-07-10 21:59:59.999,89.18918918918943,89.01482127288575,67.99635414641989,0.2887537097606212
2022-07-10 22:00:00,125.4,126.5,125.1,126.4,1889.0,2022-07-10 22:14:59.999,97.72727272727286,89.33251433251444,73.19010905197278,0.3501950046718388
2022-07-10 22:15:00,126.4,127.0,126.3,126.7,1014.234,2022-07-10 22:29:59.999,93.87755102040823,93.59800431229017,74.52574887463196,0.38670525994886557
2022-07-10 22:30:00,126.6,127.1,126.4,127.0,1005.111,2022-07-10 22:44:59.999,98.00000000000011,96.53494124922706,75.82287909471827,0.40479391515587815
2022-07-10 22:45:00,127.0,127.0,126.5,126.8,323.871,2022-07-10 22:59:59.999,92.30769230769236,94.72841444270023,73.14874931123252,0.37755659200578306
2022-07-10 23:00:00,126.7,127.6,125.9,127.0,1833.966,2022-07-10 23:14:59.999,82.85714285714302,91.05494505494515,74.13127064786462,0.3480041869007051
2022-07-10 23:15:00,127.0,127.4,126.7,127.3,1677.188,2022-07-10 23:29:59.999,90.0000000000001,88.38827838827848,75.57500690480266,0.3241385136312679
2022-07-10 23:30:00,127.3,127.8,127.2,127.4,1277.911,2022-07-10 23:44:59.999,87.50000000000028,86.78571428571445,76.05473574593972,0.29158594173247754
2022-07-10 23:45:00,127.4,128.8,127.4,128.4,2120.299,2022-07-10 23:59:59.999,89.18918918918908,88.89639639639648,80.23531101723378,0.3120663637684282
2022-07-11 00:00:00,128.5,128.5,127.4,127.5,723.019,2022-07-11 00:14:59.999,55.172413793103146,77.28720099409749,68.62312241494577,0.2427483977963033
2022-07-11 00:15:00,127.5,128.8,127.4,128.8,1878.233,2022-07-11 00:29:59.999,100.0,81.45386766076406,74.38894782365152,0.26062589192068675
2022-07-11 00:30:00,128.7,129.4,127.8,129.3,2401.311,2022-07-11 00:44:59.999,97.14285714285731,84.10509031198681,76.20042280969093,0.2805704932126025
2022-07-11 00:45:00,129.2,129.8,128.9,129.8,1758.912,2022-07-11 00:59:59.999,100.0,99.0476190476191,77.88494821251076,0.30012571136639554
2022-07-11 01:00:00,129.7,129.9,128.8,129.5,1409.736,2022-07-11 01:14:59.999,87.49999999999983,94.88095238095237,74.47869960629656,0.2666735766041972
2022-07-11 01:15:00,129.5,129.7,128.2,129.3,2745.184,2022-07-11 01:29:59.999,77.77777777777801,88.42592592592594,72.211333775943,0.20752503949677736
2022-07-11 01:30:00,129.3,130.8,127.9,130.3,4447.286,2022-07-11 01:44:59.999,85.29411764705885,83.52396514161222,76.12502938952,0.21147936431308767
2022-07-11 01:45:00,130.4,130.7,129.9,130.5,1359.756,2022-07-11 01:59:59.999,91.17647058823498,84.7494553376906,76.82793774967163,0.20324191293322724
2022-07-11 02:00:00,130.6,130.6,129.6,130.4,1425.379,2022-07-11 02:14:59.999,88.23529411764692,88.23529411764692,75.62899381973762,0.1681861846641861
2022-07-11 02:15:00,130.4,130.4,129.0,129.1,2564.862,2022-07-11 02:29:59.999,43.33333333333303,74.24836601307163,62.06841087391301,0.04119443228344677
2022-07-11 02:30:00,129.0,130.0,129.0,129.7,2450.033,2022-07-11 02:44:59.999,62.06896551724067,64.5458643227402,65.1723079654663,-0.015604250600438796
2022-07-11 02:45:00,129.7,130.0,128.6,128.8,4429.878,2022-07-11 02:59:59.999,31.034482758620825,45.478927203064835,57.56330211535556,-0.1211207270602066
2022-07-11 03:00:00,128.7,129.7,128.5,128.9,2809.486,2022-07-11 03:14:59.999,34.48275862068959,42.52873563218369,58.147988959585625,-0.18754750220428318
2022-07-11 03:15:00,128.8,129.2,128.0,128.9,2135.001,2022-07-11 03:29:59.999,34.48275862068959,33.33333333333332,58.147988959585625,-0.23194571622624482
2022-07-11 03:30:00,128.8,130.7,128.7,129.0,5771.729,2022-07-11 03:44:59.999,37.037037037037194,35.334184759472116,58.806226552870626,-0.25329900957053364
2022-07-11 03:45:00,128.9,129.1,128.0,128.5,2375.42,2022-07-11 03:59:59.999,18.518518518518597,30.012771392081778,54.21488521369036,-0.2968020967773164
2022-07-11 04:00:00,128.5,129.0,127.7,128.5,1465.93,2022-07-11 04:14:59.999,26.6666666666667,27.407407407407486,54.21488521369036,-0.31932243802315563
2022-07-11 04:15:00,128.6,129.5,128.0,129.1,2375.215,2022-07-11 04:29:59.999,46.6666666666666,30.617283950617292,58.70226767603385,-0.2884922483836978
2022-07-11 04:30:00,129.1,130.3,129.0,130.1,1661.515,2022-07-11 04:44:59.999,80.0000000000001,51.11111111111112,64.8803342734699,-0.19965455132514243
2022-07-11 04:45:00,130.1,130.5,129.4,130.2,1250.111,2022-07-11 04:59:59.999,83.33333333333326,69.99999999999997,65.43716150457179,-0.1360967356130145
2022-07-11 05:00:00,130.2,130.5,129.6,130.1,2462.104,2022-07-11 05:14:59.999,80.0000000000001,81.11111111111114,64.33859501195282,-0.10416900627366654
2022-07-11 05:15:00,130.1,130.4,129.5,129.6,1431.631,2022-07-11 05:29:59.999,63.33333333333335,75.55555555555556,59.004714336833935,-0.11902974991675275
2022-07-11 05:30:00,129.5,130.3,129.3,130.2,2383.218,2022-07-11 05:44:59.999,89.28571428571387,77.53968253968243,62.9717890657666,-0.09196685416713202
2022-07-11 05:45:00,130.2,130.3,129.3,129.5,1501.27,2022-07-11 05:59:59.999,64.28571428571425,72.30158730158715,56.14552499721524,-0.12279906705591037
2022-07-11 06:00:00,129.6,130.0,129.0,129.4,1448.743,2022-07-11 06:14:59.999,56.00000000000023,69.85714285714276,55.22453322648211,-0.14973205467300854
2022-07-11 06:15:00,129.4,129.9,129.4,129.5,205.716,2022-07-11 06:29:59.999,33.333333333333336,51.206349206349266,56.00178257636416,-0.15970440931099517
2022-07-11 06:30:00,129.5,129.6,129.0,129.3,666.397,2022-07-11 06:44:59.999,20.000000000000757,36.44444444444476,53.98343731803152,-0.1773047009626949
2022-07-11 06:45:00,129.3,129.3,128.4,128.5,1786.548,2022-07-11 06:59:59.999,4.761904761904504,19.365079365079524,46.7286958159925,-0.23664988439746926
2022-07-11 07:00:00,128.5,129.0,128.2,128.3,1058.453,2022-07-11 07:14:59.999,4.545454545455544,9.769119769120259,45.09701975195124,-0.28021901344351685
2022-07-11 07:15:00,128.2,128.7,128.1,128.3,524.091,2022-07-11 07:29:59.999,9.090909090909795,6.1327561327566045,45.09701975195124,-0.29821384291485886
2022-07-11 07:30:00,128.3,128.5,128.1,128.2,264.876,2022-07-11 07:44:59.999,4.545454545454252,6.0606060606065215,44.20200211271392,-0.30493795488466485
2022-07-11 07:45:00,128.2,128.7,128.0,128.4,936.853,2022-07-11 07:59:59.999,20.000000000000284,11.212121212121437,46.48938250457632,-0.2844049959869725
2022-07-11 08:00:00,128.4,129.0,128.1,128.8,558.987,2022-07-11 08:14:59.999,42.10526315789521,22.216905901116576,50.8307636896898,-0.23445245548265153
2022-07-11 08:15:00,128.9,129.6,128.7,129.3,2019.884,2022-07-11 08:29:59.999,81.250000000001,47.78508771929882,55.67204531196163,-0.1617627549425591
2022-07-11 08:30:00,129.3,130.1,129.0,130.0,2940.659,2022-07-11 08:44:59.999,95.2380952380955,72.86445279866389,61.40192207562763,-0.06550013439706498
2022-07-11 08:45:00,129.9,130.0,129.4,129.5,1117.895,2022-07-11 08:59:59.999,71.42857142857162,82.63888888888937,55.84878998473364,-0.035940618436594324
2022-07-11 09:00:00,129.5,130.1,128.6,130.1,2434.585,2022-07-11 09:14:59.999,100.0,88.88888888888903,60.46898143324913,0.020542471291358416
2022-07-11 09:15:00,130.0,130.2,129.7,129.9,970.753,2022-07-11 09:29:59.999,86.36363636363707,85.93073593073622,58.27971698634711,0.039838847061498706
2022-07-11 09:30:00,129.8,130.3,129.5,129.6,3150.707,2022-07-11 09:44:59.999,69.56521739130376,85.3096179183136,55.05957957606579,0.02834319587284062
2022-07-11 09:45:00,129.6,130.0,129.4,130.0,1198.18,2022-07-11 09:59:59.999,86.36363636363595,80.76416337285892,58.36297160785411,0.04275808455383118
2022-07-11 10:00:00,130.0,130.4,129.7,130.0,1924.193,2022-07-11 10:14:59.999,77.7777777777776,77.90221051090576,58.3629716078541,0.04703302551953892
2022-07-11 10:15:00,129.9,130.7,129.7,130.4,2264.575,2022-07-11 10:29:59.999,85.71428571428649,83.28523328523333,61.63368466416757,0.07014821197942611
2022-07-11 10:30:00,130.4,132.5,130.2,130.6,7798.206,2022-07-11 10:44:59.999,51.282051282051206,71.59137159137175,63.19063834204695,0.0909369483204589
2022-07-11 10:45:00,130.5,130.5,129.7,130.2,1917.963,2022-07-11 10:59:59.999,41.02564102564082,59.3406593406595,58.11136746767156,0.07067986889657984
2022-07-11 11:00:00,130.1,132.9,129.6,131.0,7091.151,2022-07-11 11:14:59.999,45.71428571428555,46.00732600732585,64.29316367042043,0.10217807978040416
2022-07-11 11:15:00,131.0,131.7,130.9,131.4,1977.213,2022-07-11 11:29:59.999,57.142857142857146,47.960927960927826,66.92171337819451,0.13870436566023958
2022-07-11 11:30:00,131.4,131.8,131.2,131.2,1188.676,2022-07-11 11:44:59.999,51.42857142857094,51.42857142857121,64.3701631670782,0.13786064967799305
2022-07-11 11:45:00,131.2,131.5,130.7,131.2,1723.23,2022-07-11 11:59:59.999,48.48484848484814,52.352092352092065,64.3701631670782,0.1260876899483861
2022-07-11 12:00:00,131.1,131.4,131.0,131.2,784.405,2022-07-11 12:14:59.999,48.48484848484814,49.46608946608907,64.3701631670782,0.10779427062517011
2022-07-11 12:15:00,131.2,131.4,130.8,130.8,1417.592,2022-07-11 12:29:59.999,36.36363636363676,44.44444444444434,58.7726351426096,0.06060017434600096
2022-07-11 12:30:00,130.8,131.1,129.8,130.3,1734.758,2022-07-11 12:44:59.999,21.212121212121655,35.35353535353551,52.613705377779155,-0.008754200275784885
2022-07-11 12:45:00,130.3,130.7,130.1,130.6,1144.258,2022-07-11 12:59:59.999,30.303030303030198,29.292929292929532,55.61884479090559,-0.037288453479081274
2022-07-11 13:00:00,130.5,130.5,130.1,130.4,529.96,2022-07-11 13:14:59.999,29.999999999999716,27.171717171717187,53.196753930795815,-0.0705654766715747
2022-07-11 13:15:00,130.4,130.5,130.0,130.4,796.818,2022-07-11 13:29:59.999,29.999999999999716,30.101010101009873,53.196753930795815,-0.09214637390838287
2022-07-11 13:30:00,130.5,131.3,130.5,131.1,1849.457,2022-07-11 13:44:59.999,76.47058823529363,45.49019607843102,60.227326050453655,-0.06038267479603254
2022-07-11 13:45:00,131.0,131.8,130.9,131.6,1161.414,2022-07-11 13:59:59.999,89.99999999999915,65.49019607843083,64.34703889692958,-0.009474630176658783
2022-07-11 14:00:00,131.7,131.9,130.4,130.5,1602.307,2022-07-11 14:14:59.999,33.33333333333288,66.60130718954188,51.66741776655664,-0.0513226320111389
2022-07-11 14:15:00,130.5,130.7,129.7,129.9,2303.938,2022-07-11 14:29:59.999,9.090909090909795,44.14141414141394,46.30734328294711,-0.11708877880426172
2022-07-11 14:30:00,130.0,131.0,129.5,129.9,2873.042,2022-07-11 14:44:59.999,16.666666666666863,19.69696969696984,46.30734328294711,-0.15584131809557883
2022-07-11 14:45:00,129.9,129.9,128.8,129.1,2486.615,2022-07-11 14:59:59.999,9.677419354838177,11.811665037471608,39.905628432831186,-0.22632971656684897
2022-07-11 15:00:00,129.0,129.6,128.3,129.5,1185.832,2022-07-11 15:14:59.999,33.33333333333307,19.892473118279366,44.06907637526754,-0.23591737063488605
2022-07-11 15:15:00,129.3,129.6,128.8,129.3,701.55,2022-07-11 15:29:59.999,27.77777777777782,23.596176821983022,42.48417860443006,-0.24458391216712058
2022-07-11 15:30:00,129.3,129.6,129.2,129.3,1235.081,2022-07-11 15:44:59.999,27.77777777777782,29.629629629629566,42.48417860443006,-0.23889781480532235
2022-07-11 15:45:00,129.3,129.5,129.0,129.1,897.892,2022-07-11 15:59:59.999,22.222222222221784,25.925925925925807,40.78312810639391,-0.23673287238060176
2022-07-11 16:00:00,129.3,129.7,129.2,129.6,860.25,2022-07-11 16:14:59.999,48.14814814814772,32.71604938271577,46.54547198145629,-0.19167648473901572
2022-07-11 16:15:00,129.7,130.0,129.5,130.0,1682.914,2022-07-11 16:29:59.999,62.962962962962806,44.444444444444095,50.68022406567097,-0.12804339737405956
2022-07-11 16:30:00,129.9,130.5,129.9,130.3,1178.822,2022-07-11 16:44:59.999,90.90909090909138,67.34006734006729,53.580324400082404,-0.062192475679991865
2022-07-11 16:45:00,130.3,130.8,129.8,130.7,1123.398,2022-07-11 16:59:59.999,95.99999999999909,83.29068462401774,57.19454353669461,0.008120043090378459
2022-07-11 17:00:00,130.7,130.8,129.9,130.3,1213.584,2022-07-11 17:14:59.999,75.0,87.30303030303014,52.76985256545033,0.02647046777795424
2022-07-11 17:15:00,130.4,130.5,130.0,130.5,1423.735,2022-07-11 17:29:59.999,83.3333333333328,84.77777777777729,54.658617000019944,0.049520365722832596
2022-07-11 17:30:00,130.4,131.1,130.3,130.8,1416.021,2022-07-11 17:44:59.999,85.71428571428649,81.34920634920643,57.409946609592275,0.08057638817436291
2022-07-11 17:45:00,130.8,131.7,130.6,131.4,1667.387,2022-07-11 17:59:59.999,88.00000000000068,85.68253968253998,62.33288996793324,0.13398413560546368
2022-07-11 18:00:00,131.4,131.9,130.8,131.6,1881.848,2022-07-11 18:14:59.999,87.49999999999956,87.0714285714289,63.83356210620976,0.1727693463820778
2022-07-11 18:15:00,131.7,133.0,131.5,132.3,3783.664,2022-07-11 18:29:59.999,78.12500000000028,84.54166666666684,68.5555063259699,0.23187130525162333
2022-07-11 18:30:00,132.3,132.5,131.8,132.2,1072.667,2022-07-11 18:44:59.999,74.99999999999956,80.20833333333313,67.20558906188467,0.24902657321820834
2022-07-11 18:45:00,132.2,132.5,132.0,132.1,896.596,2022-07-11 18:59:59.999,70.96774193548363,74.69758064516115,65.81005089413799,0.23842357854139679
2022-07-11 19:00:00,132.1,132.5,131.9,132.5,774.562,2022-07-11 19:14:59.999,83.33333333333333,76.43369175627217,68.61724277227967,0.24234348545342904
2022-07-11 19:15:00,132.5,132.8,132.1,132.7,1608.514,2022-07-11 19:29:59.999,88.88888888888842,81.06332138590177,69.94595597487324,0.24184469514038692
2022-07-11 19:30:00,132.7,133.0,131.8,132.0,2346.634,2022-07-11 19:44:59.999,58.333333333333435,76.85185185185172,60.319802305495976,0.18061538800722043
2022-07-11 19:45:00,132.0,132.0,131.0,131.2,2209.258,2022-07-11 19:59:59.999,18.181818181817242,55.134680134679684,51.582640470751144,0.07773768554756788
2022-07-11 20:00:00,131.2,131.4,130.7,130.7,572.395,2022-07-11 20:14:59.999,0.0,25.505050505050217,47.00041106944701,-0.02688328584369526
2022-07-11 20:15:00,130.7,130.9,130.4,130.8,1010.053,2022-07-11 20:29:59.999,15.384615384615637,11.18881118881095,47.99542573635492,-0.08876062949329944
2022-07-11 20:30:00,130.8,130.8,129.9,129.9,2461.488,2022-07-11 20:44:59.999,0.0,5.128205128205203,40.60652259376126,-0.1842187431431786
2022-07-11 20:45:00,130.1,130.1,129.4,129.7,2491.807,2022-07-11 20:59:59.999,8.333333333332872,7.905982905982827,39.16362606012167,-0.25062832435541094
2022-07-11 21:00:00,129.6,130.6,129.6,130.3,1069.288,2022-07-11 21:14:59.999,25.0000000000002,11.111111111111015,45.4284855499881,-0.2437241845133088
2022-07-11 21:15:00,130.3,130.3,129.1,129.4,1302.18,2022-07-11 21:29:59.999,7.692307692307972,13.675213675213671,38.949259116879645,-0.28640135006588485
2022-07-11 21:30:00,129.5,129.5,128.7,128.9,679.467,2022-07-11 21:44:59.999,6.060606060606556,12.917637917638233,35.88698508714066,-0.33173807761447555
2022-07-11 21:45:00,128.9,129.0,128.2,128.3,526.969,2022-07-11 21:59:59.999,3.1250000000006937,5.625971250971731,32.57702884776202,-0.38199080912360245
2022-07-11 22:00:00,128.3,128.5,128.0,128.4,750.648,2022-07-11 22:14:59.999,13.793103448276032,7.659569836294419,33.67501253389079,-0.3871474664568002
2022-07-11 22:15:00,128.3,128.5,127.6,127.9,1119.748,2022-07-11 22:29:59.999,9.375000000000306,8.764367816092333,30.960162067409826,-0.40117666855691514
2022-07-11 22:30:00,128.0,128.3,127.1,127.3,1108.491,2022-07-11 22:44:59.999,5.714285714285795,9.627463054187368,28.03893332551607,-0.4254989794753904
2022-07-11 22:45:00,127.3,127.6,126.2,126.7,956.089,2022-07-11 22:59:59.999,11.363636363636386,8.81764069264082,25.45262876199898,-0.4540279976176731
2022-07-11 23:00:00,126.7,126.7,125.9,126.5,1233.668,2022-07-11 23:14:59.999,13.63636363636349,10.238095238095214,24.636860197269087,-0.4571362729033248
2022-07-11 23:15:00,126.4,126.8,126.1,126.4,1508.383,2022-07-11 23:29:59.999,13.88888888888891,12.96296296296292,24.21889195932509,-0.4367247057045558
2022-07-11 23:30:00,126.4,126.5,125.8,126.3,1453.5,2022-07-11 23:44:59.999,15.624999999999986,14.383417508417452,23.784347864293878,-0.4016459810280648
2022-07-11 23:45:00,126.3,126.4,125.6,126.1,939.83,2022-07-11 23:59:59.999,17.241379310344794,15.585089399744554,22.899398666417483,-0.36467938485334095
2022-07-12 00:00:00,126.0,126.9,125.6,126.6,740.269,2022-07-12 00:14:59.999,34.48275862068959,22.44971264367811,29.919582197420226,-0.2829638146960931
2022-07-12 00:15:00,126.6,126.7,126.0,126.7,652.207,2022-07-12 00:29:59.999,40.7407407407408,30.82162622392505,31.26751251518465,-0.20236625355015903
2022-07-12 00:30:00,126.7,127.8,126.4,127.5,1187.966,2022-07-12 00:44:59.999,86.36363636363652,53.86237857502229,41.03802708292401,-0.08156089783082532
2022-07-12 00:45:00,127.5,127.7,126.8,127.0,698.091,2022-07-12 00:59:59.999,63.63636363636381,63.58024691358037,37.4543991725639,-0.024663960974247945
2022-07-12 01:00:00,126.9,127.4,126.2,126.7,1260.208,2022-07-12 01:14:59.999,50.00000000000032,66.66666666666687,35.45390867837074,0.0020135325228382017
