OpenTime,XMR-USD_Open,XMR-USD_High,XMR-USD_Low,XMR-USD_Close,XMR-USD_Volume,CloseTime,XMR-QuoteAssetVolume,XMR-NumberOfTrades,XMR-TBBAV,XMR-TBQAV,XMR-ignore
2022-06-19 01:00:00,104.4,105.4,103.1,103.1,3374.825,2022-06-19 01:59:59.999,351356.5236,1319.0,1247.94,130094.7352,0.0
2022-06-19 02:00:00,103.2,103.6,101.2,102.0,2472.156,2022-06-19 02:59:59.999,252510.3378,1072.0,1097.165,112353.4334,0.0
2022-06-19 03:00:00,101.9,102.2,100.5,101.4,2426.675,2022-06-19 03:59:59.999,246203.3631,881.0,1405.403,142738.5224,0.0
2022-06-19 04:00:00,101.5,103.0,101.5,101.9,2244.345,2022-06-19 04:59:59.999,229742.7388,736.0,1355.811,138850.7928,0.0
2022-06-19 05:00:00,102.0,104.1,101.8,103.4,3310.668,2022-06-19 05:59:59.999,341441.0803,1344.0,1902.506,196162.6544,0.0
2022-06-19 06:00:00,103.2,104.5,100.0,101.3,6933.127,2022-06-19 06:59:59.999,706059.4587,2269.0,4005.418,407359.9661,0.0
2022-06-19 07:00:00,101.4,103.0,100.8,101.4,5396.658,2022-06-19 07:59:59.999,550160.7169,1539.0,1607.174,164081.8914,0.0
2022-06-19 08:00:00,101.4,103.1,100.8,102.2,3342.375,2022-06-19 08:59:59.999,341988.0343,1082.0,1633.503,167278.8238,0.0
2022-06-19 09:00:00,102.1,104.8,102.1,104.4,7397.151,2022-06-19 09:59:59.999,765656.6599,2141.0,4112.454,425337.0837,0.0
2022-06-19 10:00:00,104.2,108.2,104.1,106.5,8852.693,2022-06-19 10:59:59.999,942798.1783,3021.0,5535.81,589200.8776,0.0
2022-06-19 11:00:00,106.4,110.8,106.0,110.1,7906.609,2022-06-19 11:59:59.999,860675.4749,3902.0,3816.399,415428.1641,0.0
2022-06-19 12:00:00,110.2,111.6,109.5,111.1,3991.714,2022-06-19 12:59:59.999,441096.1765,1734.0,2043.042,225774.4406,0.0
2022-06-19 13:00:00,111.1,112.3,108.8,109.8,7738.946,2022-06-19 13:59:59.999,852902.8794,2619.0,3708.084,408933.7603,0.0
2022-06-19 14:00:00,109.8,113.8,109.5,111.0,17183.982,2022-06-19 14:59:59.999,1915524.6743,3368.0,12421.468,1385626.7048,0.0
2022-06-19 15:00:00,110.9,111.5,109.5,110.5,4823.338,2022-06-19 15:59:59.999,532783.153,1365.0,2622.343,289847.7807,0.0
2022-06-19 16:00:00,110.6,111.3,108.3,110.7,13139.149,2022-06-19 16:59:59.999,1439295.2274,3552.0,4013.769,440329.5025,0.0
2022-06-19 17:00:00,110.6,111.1,108.3,108.8,4723.174,2022-06-19 17:59:59.999,518034.8907,1627.0,2229.5,244798.3128,0.0
2022-06-19 18:00:00,108.8,109.1,107.8,108.5,2481.619,2022-06-19 18:59:59.999,269039.0274,976.0,1328.873,144117.4193,0.0
2022-06-19 19:00:00,108.6,111.9,108.5,111.8,4213.536,2022-06-19 19:59:59.999,461159.2435,1441.0,2139.074,234536.2751,0.0
2022-06-19 20:00:00,111.8,113.3,110.6,112.0,5385.16,2022-06-19 20:59:59.999,602717.3297,2575.0,2766.479,310032.3052,0.0
2022-06-19 21:00:00,112.1,115.1,111.9,114.3,4322.776,2022-06-19 21:59:59.999,492274.0258,2446.0,2390.15,272307.8848,0.0
2022-06-19 22:00:00,114.4,114.9,113.4,114.6,2915.104,2022-06-19 22:59:59.999,332737.5531,1266.0,1654.205,189008.3331,0.0
2022-06-19 23:00:00,114.5,115.3,113.1,113.2,2308.159,2022-06-19 23:59:59.999,263518.3762,1462.0,1190.077,135962.7558,0.0
2022-06-20 00:00:00,113.4,114.6,112.8,114.4,2673.997,2022-06-20 00:59:59.999,303750.5475,1003.0,1121.376,127470.1499,0.0
2022-06-20 01:00:00,114.5,114.8,111.3,111.4,2006.177,2022-06-20 01:59:59.999,226370.0426,1102.0,850.449,95989.3566,0.0
2022-06-20 02:00:00,111.4,111.8,109.1,109.9,1817.092,2022-06-20 02:59:59.999,199941.0896,988.0,823.955,90582.0208,0.0
2022-06-20 03:00:00,109.8,111.1,108.5,109.8,1866.233,2022-06-20 03:59:59.999,205034.7709,879.0,964.469,106034.5628,0.0
2022-06-20 04:00:00,109.8,111.1,109.3,110.5,1644.694,2022-06-20 04:59:59.999,181596.538,732.0,1040.428,114962.2497,0.0
2022-06-20 05:00:00,110.5,111.1,109.5,109.5,1248.982,2022-06-20 05:59:59.999,137730.1563,576.0,601.099,66292.4391,0.0
2022-06-20 06:00:00,109.5,110.5,108.8,110.4,1605.518,2022-06-20 06:59:59.999,175696.1989,731.0,643.055,70400.3269,0.0
2022-06-20 07:00:00,110.6,111.4,109.9,111.4,1753.745,2022-06-20 07:59:59.999,194001.0583,818.0,1043.13,115392.2229,0.0
2022-06-20 08:00:00,111.4,111.4,109.9,110.9,1764.268,2022-06-20 08:59:59.999,195133.4168,765.0,667.357,73779.6178,0.0
2022-06-20 09:00:00,110.9,113.4,110.6,113.3,5058.079,2022-06-20 09:59:59.999,568671.5704,2208.0,2023.307,227527.2944,0.0
2022-06-20 10:00:00,113.3,114.4,113.0,113.5,4158.515,2022-06-20 10:59:59.999,472596.6645,1424.0,2635.134,299440.4996,0.0
2022-06-20 11:00:00,113.5,116.5,112.5,116.0,5295.743,2022-06-20 11:59:59.999,605278.1799,2287.0,2131.235,244094.346,0.0
2022-06-20 12:00:00,116.1,116.1,114.5,115.0,3172.814,2022-06-20 12:59:59.999,365099.1168,1356.0,1499.382,172632.7612,0.0
2022-06-20 13:00:00,115.1,115.2,113.4,114.3,4441.238,2022-06-20 13:59:59.999,507905.5848,1730.0,1779.773,203560.8954,0.0
2022-06-20 14:00:00,114.3,114.4,111.8,113.2,16933.588,2022-06-20 14:59:59.999,1914879.422,4164.0,5060.62,572221.1344,0.0
2022-06-20 15:00:00,113.1,116.4,113.0,116.0,8361.731,2022-06-20 15:59:59.999,963364.0464,2147.0,3837.752,442076.0347,0.0
2022-06-20 16:00:00,116.0,116.7,113.8,116.5,10769.163,2022-06-20 16:59:59.999,1236918.1693,3137.0,5506.415,632573.3518,0.0
2022-06-20 17:00:00,116.5,116.8,114.8,115.8,6542.736,2022-06-20 17:59:59.999,757779.1494,2607.0,2523.673,292343.9196,0.0
2022-06-20 18:00:00,115.7,116.7,114.3,114.5,5831.875,2022-06-20 18:59:59.999,674211.6263,1993.0,2394.6,277032.0914,0.0
2022-06-20 19:00:00,114.4,114.9,113.4,114.3,3679.021,2022-06-20 19:59:59.999,419637.1578,1570.0,2140.494,244310.8791,0.0
2022-06-20 20:00:00,114.3,114.9,113.3,114.0,4094.203,2022-06-20 20:59:59.999,467307.5244,1412.0,1940.236,221343.3207,0.0
2022-06-20 21:00:00,114.1,115.9,113.3,115.8,3623.826,2022-06-20 21:59:59.999,416388.3241,1383.0,2239.341,257413.289,0.0
2022-06-20 22:00:00,115.8,116.0,114.0,114.7,2592.206,2022-06-20 22:59:59.999,297817.1743,1389.0,1033.993,118903.287,0.0
2022-06-20 23:00:00,114.8,116.6,114.0,116.4,3600.835,2022-06-20 23:59:59.999,414939.1948,2067.0,2742.267,316039.8369,0.0
2022-06-21 00:00:00,116.4,118.0,115.6,117.3,3431.146,2022-06-21 00:59:59.999,401416.2774,1543.0,1763.889,206316.6937,0.0
2022-06-21 01:00:00,117.2,118.0,115.7,117.7,3731.804,2022-06-21 01:59:59.999,436467.5175,1555.0,1982.156,231884.7259,0.0
2022-06-21 02:00:00,117.9,119.0,116.8,118.0,2280.374,2022-06-21 02:59:59.999,269118.5898,1297.0,1434.398,169263.5284,0.0
2022-06-21 03:00:00,118.0,118.1,116.0,116.9,3609.271,2022-06-21 03:59:59.999,421791.6146,1200.0,1093.835,127918.2644,0.0
2022-06-21 04:00:00,116.8,118.6,116.5,118.5,1635.539,2022-06-21 04:59:59.999,192154.2873,1028.0,730.726,85884.9916,0.0
2022-06-21 05:00:00,118.4,119.3,117.9,119.0,2647.566,2022-06-21 05:59:59.999,314116.5888,1151.0,1475.302,175135.8376,0.0
2022-06-21 06:00:00,119.0,121.2,119.0,120.8,2882.352,2022-06-21 06:59:59.999,346183.9191,1332.0,1574.238,189128.5705,0.0
2022-06-21 07:00:00,120.9,122.5,120.9,121.8,2989.442,2022-06-21 07:59:59.999,363886.3639,1770.0,1773.932,216013.8546,0.0
2022-06-21 08:00:00,121.8,122.0,119.1,119.8,4647.078,2022-06-21 08:59:59.999,559932.9582,1737.0,1923.164,231850.3469,0.0
2022-06-21 09:00:00,119.8,121.9,119.4,121.6,4748.392,2022-06-21 09:59:59.999,574920.8742,1919.0,2013.936,243770.5624,0.0
2022-06-21 10:00:00,121.5,122.0,120.6,122.0,6997.622,2022-06-21 10:59:59.999,850021.4304,2013.0,4624.485,562290.6805,0.0
2022-06-21 11:00:00,122.0,123.5,121.5,123.5,5859.507,2022-06-21 11:59:59.999,716584.464,1888.0,4414.541,539693.8598,0.0
2022-06-21 12:00:00,123.5,124.4,121.0,121.4,10778.077,2022-06-21 12:59:59.999,1328530.2225,3130.0,5780.577,713298.5144,0.0
2022-06-21 13:00:00,121.3,122.3,120.9,121.5,7087.551,2022-06-21 13:59:59.999,860819.8621,2283.0,3530.925,429252.4054,0.0
2022-06-21 14:00:00,121.5,123.6,120.1,123.5,11138.941,2022-06-21 14:59:59.999,1354444.0716,3060.0,4043.847,493187.5536,0.0
2022-06-21 15:00:00,123.5,125.4,122.2,123.7,6738.284,2022-06-21 15:59:59.999,834345.8969,2293.0,2529.613,313488.4788,0.0
2022-06-21 16:00:00,123.8,124.6,123.0,123.5,3881.631,2022-06-21 16:59:59.999,480138.0035,1413.0,2080.174,257448.9919,0.0
2022-06-21 17:00:00,123.6,124.1,122.4,122.6,3931.046,2022-06-21 17:59:59.999,484944.1787,1453.0,1376.648,169952.1752,0.0
2022-06-21 18:00:00,122.5,124.5,121.8,122.1,7767.883,2022-06-21 18:59:59.999,955885.5685,2472.0,4020.622,495148.7131,0.0
2022-06-21 19:00:00,122.0,122.0,120.8,120.9,3354.694,2022-06-21 19:59:59.999,406654.5618,1272.0,753.826,91468.9437,0.0
2022-06-21 20:00:00,120.8,122.3,119.3,119.6,4138.125,2022-06-21 20:59:59.999,500396.951,1556.0,1728.89,209487.9759,0.0
2022-06-21 21:00:00,119.6,119.8,117.9,119.8,4000.542,2022-06-21 21:59:59.999,475617.2501,1563.0,1989.387,236940.7512,0.0
2022-06-21 22:00:00,119.7,120.7,119.0,119.8,4007.09,2022-06-21 22:59:59.999,480531.8001,1144.0,2010.662,241288.6292,0.0
2022-06-21 23:00:00,119.9,120.9,119.1,120.7,2216.528,2022-06-21 23:59:59.999,265545.4148,841.0,946.895,113538.6285,0.0
2022-06-22 00:00:00,120.6,120.9,118.1,119.0,2574.492,2022-06-22 00:59:59.999,306374.7389,1073.0,900.715,107192.0905,0.0
2022-06-22 01:00:00,118.9,118.9,116.4,117.4,3018.797,2022-06-22 01:59:59.999,354772.2661,1319.0,1446.373,170077.9578,0.0
2022-06-22 02:00:00,117.4,118.4,116.1,116.1,2114.449,2022-06-22 02:59:59.999,248111.6799,949.0,1110.191,130230.7154,0.0
2022-06-22 03:00:00,116.2,116.5,114.5,114.6,3577.947,2022-06-22 03:59:59.999,412330.1098,1356.0,1785.668,205678.6594,0.0
2022-06-22 04:00:00,114.7,115.2,113.5,113.9,4175.411,2022-06-22 04:59:59.999,477779.8881,1039.0,806.46,92229.7414,0.0
2022-06-22 05:00:00,113.8,115.1,113.4,114.7,1881.511,2022-06-22 05:59:59.999,215010.3241,759.0,948.119,108460.6094,0.0
2022-06-22 06:00:00,114.7,115.7,114.4,114.4,1604.527,2022-06-22 06:59:59.999,184695.4158,644.0,601.844,69272.0387,0.0
2022-06-22 07:00:00,114.5,115.0,112.6,113.3,3055.181,2022-06-22 07:59:59.999,346968.3979,1194.0,1608.845,182810.3193,0.0
2022-06-22 08:00:00,113.3,114.4,112.1,112.9,3478.783,2022-06-22 08:59:59.999,394953.059,1082.0,2067.167,234843.5764,0.0
2022-06-22 09:00:00,113.0,113.8,112.2,113.6,2711.81,2022-06-22 09:59:59.999,306837.1447,860.0,879.83,99561.1968,0.0
2022-06-22 10:00:00,113.6,114.8,113.1,114.6,4381.071,2022-06-22 10:59:59.999,498440.9666,1269.0,1306.549,149059.1241,0.0
2022-06-22 11:00:00,114.6,115.5,114.3,115.3,2887.119,2022-06-22 11:59:59.999,331979.0023,979.0,1820.205,209380.6514,0.0
2022-06-22 12:00:00,115.3,116.7,115.2,115.9,3763.194,2022-06-22 12:59:59.999,436336.8464,1326.0,2580.548,299231.328,0.0
2022-06-22 13:00:00,116.0,116.4,113.6,115.2,7272.346,2022-06-22 13:59:59.999,836403.3023,1843.0,2034.876,234652.3478,0.0
2022-06-22 14:00:00,115.2,117.8,114.7,117.6,8098.676,2022-06-22 14:59:59.999,944036.502,2387.0,4782.105,557039.0163,0.0
2022-06-22 15:00:00,117.6,118.4,116.4,116.8,5673.669,2022-06-22 15:59:59.999,665238.4926,1759.0,2228.127,261187.1917,0.0
2022-06-22 16:00:00,116.8,116.8,114.4,114.5,3844.318,2022-06-22 16:59:59.999,444087.801,1633.0,1465.432,169468.0878,0.0
2022-06-22 17:00:00,114.5,115.3,113.3,115.1,3652.14,2022-06-22 17:59:59.999,417672.3069,1515.0,2223.546,254545.0242,0.0
2022-06-22 18:00:00,115.2,115.5,114.1,115.0,2461.671,2022-06-22 18:59:59.999,282506.7044,1328.0,848.822,97504.548,0.0
2022-06-22 19:00:00,115.1,115.7,114.7,115.1,2708.613,2022-06-22 19:59:59.999,311812.1464,862.0,907.136,104485.5836,0.0
2022-06-22 20:00:00,115.2,115.3,113.1,113.9,2046.35,2022-06-22 20:59:59.999,233950.9261,911.0,817.159,93355.7194,0.0
2022-06-22 21:00:00,114.1,114.5,111.8,112.1,2313.596,2022-06-22 21:59:59.999,261572.0428,1222.0,1093.31,123581.5071,0.0
2022-06-22 22:00:00,112.2,112.9,111.6,112.7,1372.203,2022-06-22 22:59:59.999,154052.8952,808.0,755.834,84869.018,0.0
2022-06-22 23:00:00,112.8,113.3,112.2,113.1,1077.697,2022-06-22 23:59:59.999,121573.9672,716.0,641.115,72348.7502,0.0
2022-06-23 00:00:00,113.0,113.3,110.9,111.2,1789.828,2022-06-23 00:59:59.999,200498.5591,1029.0,1126.337,126201.1143,0.0
2022-06-23 01:00:00,111.2,114.3,110.7,113.8,3182.382,2022-06-23 01:59:59.999,359695.6432,1684.0,1624.862,183389.5858,0.0
2022-06-23 02:00:00,113.9,115.2,113.4,114.1,1933.253,2022-06-23 02:59:59.999,220835.7383,912.0,1233.001,140775.7479,0.0
2022-06-23 03:00:00,114.0,114.9,113.8,114.5,1621.524,2022-06-23 03:59:59.999,185532.8552,596.0,850.651,97268.9424,0.0
2022-06-23 04:00:00,114.4,114.5,113.6,114.0,1948.134,2022-06-23 04:59:59.999,222200.1938,908.0,732.67,83565.3159,0.0
2022-06-23 05:00:00,114.0,115.5,113.6,115.3,1024.731,2022-06-23 05:59:59.999,117407.9176,568.0,688.277,78868.946,0.0
2022-06-23 06:00:00,115.3,115.7,114.6,114.8,981.499,2022-06-23 06:59:59.999,113063.9914,546.0,364.127,41949.186,0.0
2022-06-23 07:00:00,114.8,117.1,114.8,116.5,2689.905,2022-06-23 07:59:59.999,312311.4061,1296.0,1615.083,187713.0162,0.0
2022-06-23 08:00:00,116.5,117.6,116.2,116.3,2434.626,2022-06-23 08:59:59.999,284615.6902,1015.0,1124.24,131414.3978,0.0
2022-06-23 09:00:00,116.2,117.3,116.1,116.9,2038.182,2022-06-23 09:59:59.999,237574.1299,841.0,1133.021,132118.5965,0.0
2022-06-23 10:00:00,116.9,118.0,116.5,117.7,2835.121,2022-06-23 10:59:59.999,332312.2889,982.0,1636.169,191947.4989,0.0
2022-06-23 11:00:00,117.7,118.7,117.4,118.6,3188.349,2022-06-23 11:59:59.999,376448.2938,1098.0,1895.235,223805.0495,0.0
2022-06-23 12:00:00,118.6,118.9,117.6,117.8,3298.526,2022-06-23 12:59:59.999,389822.6125,1003.0,1150.736,136089.161,0.0
2022-06-23 13:00:00,117.8,119.5,117.6,118.9,6243.72,2022-06-23 13:59:59.999,740168.3589,1735.0,4292.955,509474.1439,0.0
2022-06-23 14:00:00,119.0,119.6,117.5,118.0,5474.11,2022-06-23 14:59:59.999,647743.2761,1766.0,3089.632,365958.1185,0.0
2022-06-23 15:00:00,118.1,119.7,117.4,119.7,3117.679,2022-06-23 15:59:59.999,368258.6028,1218.0,1650.946,194953.336,0.0
2022-06-23 16:00:00,119.6,119.9,117.2,118.2,3250.848,2022-06-23 16:59:59.999,384953.6893,1317.0,1360.202,161266.2776,0.0
2022-06-23 17:00:00,118.2,118.2,117.1,117.4,2364.344,2022-06-23 17:59:59.999,278070.7504,748.0,1053.565,123951.912,0.0
2022-06-23 18:00:00,117.3,118.5,116.8,118.1,1160.912,2022-06-23 18:59:59.999,136575.7073,567.0,574.211,67578.4097,0.0
2022-06-23 19:00:00,118.1,119.2,118.0,118.8,2226.115,2022-06-23 19:59:59.999,264028.1404,869.0,891.93,105801.4138,0.0
2022-06-23 20:00:00,118.6,121.0,118.5,120.7,3062.388,2022-06-23 20:59:59.999,367077.1524,1372.0,1957.461,234723.09,0.0
2022-06-23 21:00:00,120.7,121.4,119.7,120.7,1911.807,2022-06-23 21:59:59.999,231006.3344,1038.0,1011.371,122201.5729,0.0
2022-06-23 22:00:00,120.6,120.8,119.6,119.6,1621.343,2022-06-23 22:59:59.999,194704.7052,626.0,482.547,58097.5619,0.0
2022-06-23 23:00:00,119.7,122.6,119.7,122.1,2265.164,2022-06-23 23:59:59.999,275285.1199,1188.0,1135.493,137895.3513,0.0
2022-06-24 00:00:00,122.0,123.0,121.9,122.7,1755.975,2022-06-24 00:59:59.999,215225.2022,755.0,929.83,113985.9868,0.0
2022-06-24 01:00:00,122.7,124.4,122.5,123.4,4393.514,2022-06-24 01:59:59.999,543865.3937,1684.0,1612.629,199569.1218,0.0
2022-06-24 02:00:00,123.3,125.0,123.0,124.0,1843.463,2022-06-24 02:59:59.999,229126.2675,813.0,1088.467,135375.6791,0.0
2022-06-24 03:00:00,124.0,125.8,123.5,124.2,2479.357,2022-06-24 03:59:59.999,309467.6181,1367.0,1097.172,137056.9204,0.0
2022-06-24 04:00:00,124.1,125.1,124.0,124.7,2506.707,2022-06-24 04:59:59.999,312284.7613,733.0,1952.6,243320.736,0.0
2022-06-24 05:00:00,124.8,125.6,123.4,123.7,1524.65,2022-06-24 05:59:59.999,189820.2916,657.0,539.601,67263.5925,0.0
2022-06-24 06:00:00,123.7,125.2,123.4,123.6,2570.528,2022-06-24 06:59:59.999,319400.995,791.0,1478.7,184033.7512,0.0
2022-06-24 07:00:00,123.6,123.9,122.6,123.1,3892.412,2022-06-24 07:59:59.999,479737.1591,1065.0,1413.061,174217.1939,0.0
2022-06-24 08:00:00,123.2,124.5,122.6,123.9,3287.212,2022-06-24 08:59:59.999,406964.7023,878.0,2020.701,250300.7393,0.0
2022-06-24 09:00:00,123.8,125.8,123.7,125.6,2038.695,2022-06-24 09:59:59.999,254301.8742,843.0,1081.669,135092.0155,0.0
2022-06-24 10:00:00,125.6,125.8,124.5,124.8,2944.6,2022-06-24 10:59:59.999,369105.2701,1189.0,1473.639,184786.4869,0.0
2022-06-24 11:00:00,124.8,125.6,124.4,125.4,2876.447,2022-06-24 11:59:59.999,359177.5399,1136.0,1516.254,189344.2774,0.0
2022-06-24 12:00:00,125.4,127.8,125.1,126.2,7804.839,2022-06-24 12:59:59.999,989441.2554,2825.0,3774.357,478353.8419,0.0
2022-06-24 13:00:00,126.2,127.3,125.4,125.7,7015.385,2022-06-24 13:59:59.999,886660.7157,2444.0,2355.995,298167.3171,0.0
2022-06-24 14:00:00,125.8,127.5,125.7,126.5,3529.983,2022-06-24 14:59:59.999,447689.4302,1233.0,1987.575,251887.9423,0.0
2022-06-24 15:00:00,126.6,127.5,125.0,125.7,3322.84,2022-06-24 15:59:59.999,420178.7734,1231.0,1125.12,142390.9687,0.0
2022-06-24 16:00:00,125.9,125.9,124.0,125.0,2378.36,2022-06-24 16:59:59.999,296843.3811,1145.0,1058.778,132198.4051,0.0
2022-06-24 17:00:00,125.0,126.0,123.7,125.9,3953.511,2022-06-24 17:59:59.999,494385.8286,1128.0,2196.072,274870.7515,0.0
2022-06-24 18:00:00,125.9,128.2,125.8,126.4,6756.574,2022-06-24 18:59:59.999,860582.9022,2269.0,3348.328,426506.626,0.0
2022-06-24 19:00:00,126.4,128.2,126.1,128.1,2042.48,2022-06-24 19:59:59.999,259460.7314,860.0,1221.689,155297.0664,0.0
2022-06-24 20:00:00,128.1,128.4,127.4,128.0,2268.231,2022-06-24 20:59:59.999,290148.8179,731.0,1241.075,158714.1249,0.0
2022-06-24 21:00:00,128.2,128.9,127.0,127.2,2978.324,2022-06-24 21:59:59.999,380823.0026,1325.0,1025.662,131271.7812,0.0
2022-06-24 22:00:00,127.3,127.7,126.9,127.1,2891.468,2022-06-24 22:59:59.999,368032.9796,1268.0,606.223,77180.4015,0.0
2022-06-24 23:00:00,127.2,128.4,126.7,126.9,3540.182,2022-06-24 23:59:59.999,451742.9063,1478.0,1613.657,205806.1205,0.0
2022-06-25 00:00:00,127.1,128.0,126.3,126.6,1938.551,2022-06-25 00:59:59.999,246206.8553,969.0,1057.623,134235.1843,0.0
2022-06-25 01:00:00,126.6,127.1,125.3,126.8,2183.579,2022-06-25 01:59:59.999,275386.1393,1086.0,929.464,117249.5361,0.0
2022-06-25 02:00:00,126.7,127.2,125.8,126.6,5740.92,2022-06-25 02:59:59.999,726782.3531,1600.0,2124.458,269016.0411,0.0
2022-06-25 03:00:00,126.7,126.7,124.3,124.5,1376.135,2022-06-25 03:59:59.999,172395.9714,893.0,582.877,72994.3139,0.0
2022-06-25 04:00:00,124.5,125.8,124.4,125.5,814.43,2022-06-25 04:59:59.999,101935.5424,500.0,387.745,48556.3974,0.0
2022-06-25 05:00:00,125.7,126.2,125.1,125.9,770.844,2022-06-25 05:59:59.999,96795.0929,405.0,507.231,63670.0903,0.0
2022-06-25 06:00:00,125.9,126.7,125.4,126.0,1164.378,2022-06-25 06:59:59.999,147013.0471,546.0,707.34,89305.6727,0.0
2022-06-25 07:00:00,125.7,126.0,125.0,125.7,1212.029,2022-06-25 07:59:59.999,152200.5776,414.0,569.014,71475.8903,0.0
2022-06-25 08:00:00,125.7,127.5,125.7,127.2,1801.651,2022-06-25 08:59:59.999,228661.3375,714.0,1230.612,156247.3752,0.0
2022-06-25 09:00:00,127.1,127.7,125.8,125.9,1239.429,2022-06-25 09:59:59.999,156781.6104,561.0,469.165,59335.7555,0.0
2022-06-25 10:00:00,125.8,127.0,125.7,126.9,1084.0,2022-06-25 10:59:59.999,137184.4639,528.0,680.87,86203.0563,0.0
2022-06-25 11:00:00,126.8,127.0,126.4,126.5,1356.583,2022-06-25 11:59:59.999,171879.4856,551.0,790.179,100169.1953,0.0
2022-06-25 12:00:00,126.5,126.8,125.3,125.5,2941.334,2022-06-25 12:59:59.999,370684.2185,754.0,1914.421,241018.1045,0.0
2022-06-25 13:00:00,125.5,125.8,121.6,122.4,4504.499,2022-06-25 13:59:59.999,553879.1794,2171.0,1934.704,237718.9006,0.0
2022-06-25 14:00:00,122.4,123.4,121.7,122.5,1874.605,2022-06-25 14:59:59.999,230042.5293,754.0,1164.761,142894.8325,0.0
2022-06-25 15:00:00,122.6,123.4,122.4,122.5,1911.15,2022-06-25 15:59:59.999,234969.5857,633.0,1554.403,191105.4346,0.0
2022-06-25 16:00:00,122.6,122.9,121.1,121.1,8152.939,2022-06-25 16:59:59.999,994966.0575,1382.0,2362.558,288597.9193,0.0
2022-06-25 17:00:00,121.1,122.8,121.0,122.1,3257.394,2022-06-25 17:59:59.999,397131.3594,1072.0,1961.873,239393.0281,0.0
2022-06-25 18:00:00,122.1,122.9,121.5,122.7,937.55,2022-06-25 18:59:59.999,114661.0948,555.0,362.821,44414.4555,0.0
2022-06-25 19:00:00,122.6,123.8,122.2,123.8,1092.615,2022-06-25 19:59:59.999,134202.1105,554.0,397.029,48839.3606,0.0
2022-06-25 20:00:00,123.8,124.9,123.6,124.8,3879.418,2022-06-25 20:59:59.999,481917.4975,1213.0,1634.058,202982.1854,0.0
2022-06-25 21:00:00,124.8,125.0,123.8,125.0,2265.158,2022-06-25 21:59:59.999,281785.4149,1033.0,845.418,105311.1022,0.0
2022-06-25 22:00:00,125.0,128.0,124.8,127.9,3280.44,2022-06-25 22:59:59.999,415361.7774,1527.0,1670.795,211295.3923,0.0
2022-06-25 23:00:00,128.0,128.3,127.2,127.5,2392.336,2022-06-25 23:59:59.999,305239.1807,955.0,1767.217,225451.3251,0.0
2022-06-26 00:00:00,127.5,128.1,127.3,127.4,1121.892,2022-06-26 00:59:59.999,143230.7127,404.0,689.897,88102.354,0.0
2022-06-26 01:00:00,127.4,128.1,126.8,127.2,790.103,2022-06-26 01:59:59.999,100616.291,455.0,450.556,57418.3419,0.0
2022-06-26 02:00:00,127.4,127.8,125.9,126.8,3827.654,2022-06-26 02:59:59.999,484222.0005,780.0,2146.041,271387.0755,0.0
2022-06-26 03:00:00,126.8,127.7,126.1,127.5,4061.766,2022-06-26 03:59:59.999,516558.0999,996.0,2772.932,352804.7224,0.0
2022-06-26 04:00:00,127.5,129.0,127.5,128.4,4236.762,2022-06-26 04:59:59.999,543400.4019,1075.0,2523.841,323625.7192,0.0
2022-06-26 05:00:00,128.4,130.4,128.3,130.2,3359.299,2022-06-26 05:59:59.999,435116.2185,1538.0,2377.095,308026.8483,0.0
2022-06-26 06:00:00,130.2,130.8,129.7,130.6,2050.544,2022-06-26 06:59:59.999,267288.2577,1028.0,1245.818,162437.0868,0.0
2022-06-26 07:00:00,130.6,131.3,129.8,130.9,2314.047,2022-06-26 07:59:59.999,302837.2945,1075.0,956.585,125077.6329,0.0
2022-06-26 08:00:00,130.9,131.3,130.3,130.8,1746.235,2022-06-26 08:59:59.999,228600.55,713.0,1267.173,165959.2082,0.0
2022-06-26 09:00:00,130.8,131.0,129.8,130.3,2492.974,2022-06-26 09:59:59.999,325165.5983,841.0,720.545,93995.6595,0.0
2022-06-26 10:00:00,130.5,130.9,129.9,130.6,3292.931,2022-06-26 10:59:59.999,429458.7267,850.0,2046.36,267045.9375,0.0
2022-06-26 11:00:00,130.7,130.9,129.9,130.3,2190.915,2022-06-26 11:59:59.999,285518.3881,641.0,648.432,84584.9944,0.0
2022-06-26 12:00:00,130.3,132.6,130.1,132.5,7587.348,2022-06-26 12:59:59.999,997726.1017,2364.0,5743.541,755012.8062,0.0
2022-06-26 13:00:00,132.5,134.2,130.5,130.9,7041.893,2022-06-26 13:59:59.999,936371.7003,3051.0,3483.703,463785.0263,0.0
2022-06-26 14:00:00,130.9,131.2,128.9,130.3,4223.252,2022-06-26 14:59:59.999,548135.4962,2055.0,2389.12,310184.3057,0.0
2022-06-26 15:00:00,130.3,131.3,130.0,130.3,1339.728,2022-06-26 15:59:59.999,174752.1808,817.0,653.269,85234.9283,0.0
2022-06-26 16:00:00,130.3,130.8,128.7,130.6,1940.056,2022-06-26 16:59:59.999,251430.7607,1222.0,1194.87,154924.8785,0.0
2022-06-26 17:00:00,130.5,130.9,129.6,130.2,2010.726,2022-06-26 17:59:59.999,262102.7231,945.0,918.483,119874.1681,0.0
2022-06-26 18:00:00,130.1,130.4,128.6,129.9,6283.549,2022-06-26 18:59:59.999,814502.5025,1403.0,1878.348,243204.3366,0.0
2022-06-26 19:00:00,130.0,130.0,128.4,129.4,2431.434,2022-06-26 19:59:59.999,314076.8353,1172.0,1473.11,190288.4305,0.0
2022-06-26 20:00:00,129.5,130.4,129.2,130.2,1384.667,2022-06-26 20:59:59.999,179939.3879,700.0,863.352,112229.4534,0.0
2022-06-26 21:00:00,130.1,132.8,129.9,132.7,3282.192,2022-06-26 21:59:59.999,431547.5761,1229.0,2333.915,306921.3107,0.0
2022-06-26 22:00:00,132.7,132.8,131.0,131.2,1847.722,2022-06-26 22:59:59.999,243346.604,956.0,1058.418,139310.2781,0.0
2022-06-26 23:00:00,131.1,131.3,126.7,127.9,6637.253,2022-06-26 23:59:59.999,850166.8269,2688.0,3060.187,391823.9004,0.0
2022-06-27 00:00:00,127.8,128.4,124.7,125.3,4831.088,2022-06-27 00:59:59.999,610037.8974,1979.0,2296.865,290919.4611,0.0
2022-06-27 01:00:00,125.3,126.1,124.7,125.7,2328.782,2022-06-27 01:59:59.999,292451.902,1076.0,1183.962,148705.9889,0.0
2022-06-27 02:00:00,125.7,126.9,125.2,126.7,2381.122,2022-06-27 02:59:59.999,300175.7883,966.0,1591.488,200579.3059,0.0
2022-06-27 03:00:00,126.7,127.1,125.9,126.8,996.786,2022-06-27 03:59:59.999,126176.6676,953.0,326.859,41397.5636,0.0
2022-06-27 04:00:00,126.8,127.0,125.7,126.1,1938.129,2022-06-27 04:59:59.999,244594.333,998.0,637.278,80516.1247,0.0
2022-06-27 05:00:00,126.1,126.9,125.8,126.4,1366.211,2022-06-27 05:59:59.999,172603.9527,875.0,645.623,81524.3292,0.0
2022-06-27 06:00:00,126.5,126.9,125.7,126.1,1783.636,2022-06-27 06:59:59.999,225203.9965,916.0,1259.515,159122.2065,0.0
2022-06-27 07:00:00,125.9,127.3,125.7,127.1,2015.254,2022-06-27 07:59:59.999,254947.8687,861.0,1319.968,166975.4988,0.0
2022-06-27 08:00:00,127.1,127.7,126.8,127.3,1434.597,2022-06-27 08:59:59.999,182565.5191,712.0,594.296,75697.4002,0.0
2022-06-27 09:00:00,127.3,129.5,127.3,129.4,1882.214,2022-06-27 09:59:59.999,241459.4281,838.0,1240.679,159080.7454,0.0
2022-06-27 10:00:00,129.4,130.7,128.7,129.5,4827.418,2022-06-27 10:59:59.999,626761.5027,1388.0,2577.408,334637.2599,0.0
2022-06-27 11:00:00,129.5,129.7,127.7,127.7,3982.891,2022-06-27 11:59:59.999,512456.0992,1626.0,1060.212,136606.7763,0.0
2022-06-27 12:00:00,127.8,128.6,127.1,127.3,2553.077,2022-06-27 12:59:59.999,326264.3026,963.0,919.107,117451.1117,0.0
2022-06-27 13:00:00,127.3,128.1,127.3,127.9,2530.511,2022-06-27 13:59:59.999,323051.4709,1027.0,1602.844,204679.9675,0.0
2022-06-27 14:00:00,127.9,131.4,125.5,125.7,9078.512,2022-06-27 14:59:59.999,1158789.1144,2811.0,4987.991,638151.532,0.0
2022-06-27 15:00:00,125.6,126.2,123.8,124.6,3393.52,2022-06-27 15:59:59.999,424220.9147,1647.0,1878.305,234902.464,0.0
2022-06-27 16:00:00,124.6,125.0,123.8,124.4,4376.796,2022-06-27 16:59:59.999,544592.3845,1484.0,1992.206,247933.9562,0.0
2022-06-27 17:00:00,124.2,124.4,122.4,122.9,8905.561,2022-06-27 17:59:59.999,1099940.7371,2034.0,3123.58,385597.4285,0.0
2022-06-27 18:00:00,122.9,123.4,121.4,122.0,5369.535,2022-06-27 18:59:59.999,656025.7752,1672.0,1710.496,208809.2077,0.0
2022-06-27 19:00:00,121.8,123.4,119.7,122.8,5902.202,2022-06-27 19:59:59.999,718346.4736,2285.0,2493.51,304096.4187,0.0
2022-06-27 20:00:00,122.7,122.8,120.7,121.3,3738.423,2022-06-27 20:59:59.999,453593.8804,1293.0,1679.103,203758.0905,0.0
2022-06-27 21:00:00,121.5,122.2,121.0,121.3,2436.342,2022-06-27 21:59:59.999,296329.8098,892.0,1365.79,166225.1665,0.0
2022-06-27 22:00:00,121.3,122.1,120.9,121.4,5162.629,2022-06-27 22:59:59.999,627095.3941,1444.0,3059.655,371840.4027,0.0
2022-06-27 23:00:00,121.5,123.3,121.4,122.4,4187.776,2022-06-27 23:59:59.999,512645.928,1258.0,2898.569,355017.4687,0.0
2022-06-28 00:00:00,122.3,123.6,120.2,120.4,7033.106,2022-06-28 00:59:59.999,855882.7612,1890.0,3817.3,464808.5401,0.0
2022-06-28 01:00:00,120.5,121.6,119.8,120.2,3852.676,2022-06-28 01:59:59.999,464720.3304,1239.0,1408.755,169959.8242,0.0
2022-06-28 02:00:00,120.1,120.3,117.2,117.7,4328.858,2022-06-28 02:59:59.999,514107.3323,1807.0,1560.413,184912.4573,0.0
2022-06-28 03:00:00,117.6,118.0,116.6,117.5,3559.149,2022-06-28 03:59:59.999,417305.6054,1521.0,1652.079,193695.1536,0.0
2022-06-28 04:00:00,117.6,118.6,117.4,118.5,2406.244,2022-06-28 04:59:59.999,283741.2345,933.0,1601.689,188844.9158,0.0
2022-06-28 05:00:00,118.5,119.4,117.9,119.2,2026.205,2022-06-28 05:59:59.999,240631.9828,655.0,1326.584,157647.3159,0.0
2022-06-28 06:00:00,119.3,119.9,117.6,117.8,5109.985,2022-06-28 06:59:59.999,605971.8953,1980.0,1686.122,200124.7572,0.0
2022-06-28 07:00:00,117.9,119.9,117.9,119.6,2138.311,2022-06-28 07:59:59.999,254699.6147,920.0,1378.618,164277.8163,0.0
2022-06-28 08:00:00,119.6,120.8,119.6,120.2,2602.546,2022-06-28 08:59:59.999,313032.1899,1239.0,1604.833,193138.0316,0.0
2022-06-28 09:00:00,120.2,121.9,120.1,121.6,3914.338,2022-06-28 09:59:59.999,473348.2148,1633.0,2418.287,292325.3967,0.0
2022-06-28 10:00:00,121.7,122.6,121.1,121.2,6301.999,2022-06-28 10:59:59.999,768144.9791,1540.0,2587.484,315622.8344,0.0
2022-06-28 11:00:00,121.1,121.6,120.5,121.3,2095.261,2022-06-28 11:59:59.999,253593.853,721.0,1128.058,136505.675,0.0
2022-06-28 12:00:00,121.3,122.5,120.1,122.4,3248.451,2022-06-28 12:59:59.999,394724.7131,1074.0,2103.412,255887.5396,0.0
2022-06-28 13:00:00,122.3,122.6,121.4,121.8,3534.869,2022-06-28 13:59:59.999,431430.6901,925.0,1598.867,195301.8167,0.0
2022-06-28 14:00:00,121.8,123.3,121.5,122.7,6623.034,2022-06-28 14:59:59.999,812268.0804,1412.0,3824.127,469263.8999,0.0
2022-06-28 15:00:00,122.6,123.1,120.6,121.8,4609.943,2022-06-28 15:59:59.999,560375.1787,1537.0,2050.173,249447.9968,0.0
2022-06-28 16:00:00,121.8,121.8,117.5,118.4,5624.073,2022-06-28 16:59:59.999,674106.1261,2256.0,2367.412,283976.1422,0.0
2022-06-28 17:00:00,118.4,119.8,118.1,118.5,3479.587,2022-06-28 17:59:59.999,413773.9832,1144.0,1457.247,173271.8997,0.0
2022-06-28 18:00:00,118.6,118.7,117.3,118.3,2206.91,2022-06-28 18:59:59.999,260671.0092,845.0,1102.68,130338.0782,0.0
2022-06-28 19:00:00,118.4,118.4,116.0,117.9,4598.408,2022-06-28 19:59:59.999,538344.5617,1515.0,1974.995,231702.2373,0.0
2022-06-28 20:00:00,117.7,118.5,117.3,118.3,3785.21,2022-06-28 20:59:59.999,446453.6081,1270.0,2154.766,254264.4945,0.0
2022-06-28 21:00:00,118.2,118.7,117.7,118.4,1147.112,2022-06-28 21:59:59.999,135644.2037,540.0,598.898,70822.8634,0.0
2022-06-28 22:00:00,118.4,119.5,118.2,119.4,678.8,2022-06-28 22:59:59.999,80760.5351,407.0,496.03,59033.1419,0.0
2022-06-28 23:00:00,119.4,119.4,116.7,116.8,2539.505,2022-06-28 23:59:59.999,299557.5783,923.0,1145.322,134928.1029,0.0
2022-06-29 00:00:00,116.8,117.7,116.5,117.6,1968.835,2022-06-29 00:59:59.999,230969.1661,673.0,1387.355,162803.8116,0.0
2022-06-29 01:00:00,117.6,119.6,117.1,118.9,4323.091,2022-06-29 01:59:59.999,512850.1253,1394.0,2513.395,298009.4256,0.0
2022-06-29 02:00:00,118.8,120.7,118.6,119.1,3477.715,2022-06-29 02:59:59.999,416026.5953,1338.0,1594.194,190625.4664,0.0
2022-06-29 03:00:00,119.1,119.7,117.7,119.1,5660.625,2022-06-29 03:59:59.999,671608.8881,1535.0,2189.659,260463.3807,0.0
2022-06-29 04:00:00,119.1,119.9,118.0,118.2,2267.17,2022-06-29 04:59:59.999,270171.5121,900.0,886.251,105676.9578,0.0
2022-06-29 05:00:00,118.2,120.2,118.2,119.4,3255.501,2022-06-29 05:59:59.999,388676.1245,993.0,2146.431,256329.187,0.0
2022-06-29 06:00:00,119.3,119.9,118.1,119.3,4711.391,2022-06-29 06:59:59.999,560960.8849,1154.0,2118.929,252251.2818,0.0
2022-06-29 07:00:00,119.3,119.7,117.0,117.8,5212.423,2022-06-29 07:59:59.999,617319.2357,1422.0,2431.961,288472.5684,0.0
2022-06-29 08:00:00,117.8,118.7,117.0,118.3,2491.897,2022-06-29 08:59:59.999,293831.3839,953.0,848.371,100200.445,0.0
2022-06-29 09:00:00,118.2,118.9,117.5,118.2,3849.551,2022-06-29 09:59:59.999,455241.0751,1041.0,1783.145,210964.2725,0.0
2022-06-29 10:00:00,118.2,120.2,118.0,119.5,2360.705,2022-06-29 10:59:59.999,281971.4485,935.0,893.84,106713.6255,0.0
2022-06-29 11:00:00,119.5,120.4,119.3,119.6,3058.385,2022-06-29 11:59:59.999,366858.9962,1209.0,1803.689,216394.4134,0.0
2022-06-29 12:00:00,119.6,122.4,118.5,122.2,6914.1,2022-06-29 12:59:59.999,832283.4782,2730.0,4069.567,490105.5366,0.0
2022-06-29 13:00:00,122.2,123.0,120.2,120.7,6850.496,2022-06-29 13:59:59.999,832126.3274,2455.0,3942.262,478674.1425,0.0
2022-06-29 14:00:00,120.7,122.2,120.0,122.0,4844.71,2022-06-29 14:59:59.999,588072.2314,1953.0,1674.473,203308.0486,0.0
2022-06-29 15:00:00,121.9,125.1,121.9,123.0,9087.016,2022-06-29 15:59:59.999,1122090.2805,3452.0,5013.364,619306.7797,0.0
2022-06-29 16:00:00,123.0,123.6,121.0,121.6,11686.518,2022-06-29 16:59:59.999,1428074.4691,3782.0,4313.39,527593.402,0.0
2022-06-29 17:00:00,121.5,121.6,118.0,118.3,4443.883,2022-06-29 17:59:59.999,531282.6552,2030.0,1785.055,213339.2863,0.0
2022-06-29 18:00:00,118.4,118.9,116.8,118.6,4878.213,2022-06-29 18:59:59.999,575835.7292,1774.0,2255.844,266556.0792,0.0
2022-06-29 19:00:00,118.6,120.2,118.5,119.5,2500.303,2022-06-29 19:59:59.999,298757.7216,952.0,967.668,115679.1401,0.0
2022-06-29 20:00:00,119.5,121.0,119.0,120.8,1706.889,2022-06-29 20:59:59.999,205300.6536,855.0,1069.193,128624.1411,0.0
2022-06-29 21:00:00,120.9,122.1,120.1,120.9,4106.295,2022-06-29 21:59:59.999,496656.3302,1495.0,2022.982,244529.1993,0.0
2022-06-29 22:00:00,120.9,122.0,120.5,121.5,1953.011,2022-06-29 22:59:59.999,236970.982,798.0,660.57,80193.5925,0.0
2022-06-29 23:00:00,121.4,121.6,120.0,120.3,4224.637,2022-06-29 23:59:59.999,509566.4202,1411.0,954.0,115145.2651,0.0
2022-06-30 00:00:00,120.2,120.3,117.9,119.0,2840.015,2022-06-30 00:59:59.999,337960.8,1202.0,813.645,96823.1664,0.0
2022-06-30 01:00:00,119.0,119.7,117.9,118.0,2536.933,2022-06-30 01:59:59.999,301914.9161,1008.0,1360.151,162035.8323,0.0
2022-06-30 02:00:00,117.9,118.6,116.7,117.3,2387.135,2022-06-30 02:59:59.999,280413.4469,781.0,1123.988,131974.4413,0.0
2022-06-30 03:00:00,117.2,118.6,116.9,118.3,1107.572,2022-06-30 03:59:59.999,130459.6026,450.0,358.568,42282.5558,0.0
2022-06-30 04:00:00,118.4,118.9,117.8,118.9,3148.316,2022-06-30 04:59:59.999,372676.7428,896.0,1970.687,233468.458,0.0
2022-06-30 05:00:00,118.9,119.3,117.5,117.8,1246.863,2022-06-30 05:59:59.999,147606.944,518.0,639.469,75652.2978,0.0
2022-06-30 06:00:00,117.8,118.6,117.2,118.1,2386.985,2022-06-30 06:59:59.999,281343.3314,855.0,1490.936,175700.9589,0.0
2022-06-30 07:00:00,118.1,118.5,115.3,115.8,4346.497,2022-06-30 07:59:59.999,506558.026,1774.0,1779.055,207007.3844,0.0
2022-06-30 08:00:00,115.9,116.2,114.7,115.1,2482.34,2022-06-30 08:59:59.999,286308.4256,833.0,1018.634,117592.1165,0.0
2022-06-30 09:00:00,114.9,115.0,111.7,112.2,6516.752,2022-06-30 09:59:59.999,738627.6953,2040.0,2460.637,278582.1265,0.0
2022-06-30 10:00:00,112.1,112.5,109.8,110.0,13702.535,2022-06-30 10:59:59.999,1515447.9898,4083.0,6140.016,679415.5883,0.0
2022-06-30 11:00:00,110.0,110.3,108.0,108.8,6148.605,2022-06-30 11:59:59.999,671533.1084,1910.0,2306.045,252160.2784,0.0
2022-06-30 12:00:00,108.7,110.7,108.3,110.1,3904.464,2022-06-30 12:59:59.999,427619.7016,1771.0,2534.929,277604.2061,0.0
2022-06-30 13:00:00,109.9,112.1,109.6,111.5,3669.807,2022-06-30 13:59:59.999,407223.8075,1234.0,2186.952,242726.0657,0.0
2022-06-30 14:00:00,111.5,112.0,108.1,108.8,4067.147,2022-06-30 14:59:59.999,447093.8005,1666.0,1432.695,157509.5096,0.0
2022-06-30 15:00:00,108.8,110.7,108.8,110.5,3480.649,2022-06-30 15:59:59.999,382435.9604,1245.0,2023.985,222447.5272,0.0
2022-06-30 16:00:00,110.5,111.5,109.9,110.6,3789.557,2022-06-30 16:59:59.999,419756.4433,1171.0,1998.714,221551.2173,0.0
2022-06-30 17:00:00,110.5,111.7,110.0,110.6,1951.182,2022-06-30 17:59:59.999,216237.0689,769.0,667.214,73943.6028,0.0
2022-06-30 18:00:00,110.7,111.6,110.4,111.1,1580.403,2022-06-30 18:59:59.999,175443.2663,770.0,1045.135,116019.5098,0.0
2022-06-30 19:00:00,111.1,111.3,109.5,109.7,2191.67,2022-06-30 19:59:59.999,241305.0626,872.0,597.053,65907.1893,0.0
2022-06-30 20:00:00,109.7,110.7,109.1,110.4,2891.315,2022-06-30 20:59:59.999,317572.0209,1182.0,1262.875,138841.9996,0.0
2022-06-30 21:00:00,110.4,111.2,108.4,109.1,3469.795,2022-06-30 21:59:59.999,381118.7028,1368.0,1258.181,138187.995,0.0
2022-06-30 22:00:00,109.1,110.3,108.8,109.0,3127.577,2022-06-30 22:59:59.999,343096.7092,1040.0,1603.873,175987.5255,0.0
2022-06-30 23:00:00,109.0,110.3,108.5,109.4,1508.679,2022-06-30 23:59:59.999,165000.0146,767.0,633.759,69329.7718,0.0
2022-07-01 00:00:00,109.3,113.4,108.6,113.1,3870.805,2022-07-01 00:59:59.999,428769.4054,1787.0,2017.701,223527.4119,0.0
2022-07-01 01:00:00,113.2,117.6,111.8,115.7,10614.376,2022-07-01 01:59:59.999,1225338.4975,4394.0,5411.624,623256.0963,0.0
2022-07-01 02:00:00,115.9,116.8,115.6,116.6,1722.007,2022-07-01 02:59:59.999,200049.9238,777.0,1047.128,121719.4441,0.0
2022-07-01 03:00:00,116.6,117.0,116.0,116.4,1406.48,2022-07-01 03:59:59.999,163766.5086,698.0,650.157,75775.2518,0.0
2022-07-01 04:00:00,116.4,116.4,112.9,112.9,2265.956,2022-07-01 04:59:59.999,260502.6168,1031.0,737.239,84694.4152,0.0
2022-07-01 05:00:00,112.8,113.3,111.3,111.4,3031.443,2022-07-01 05:59:59.999,340288.9931,1303.0,1615.377,181541.0039,0.0
2022-07-01 06:00:00,111.5,112.4,110.8,112.3,3765.658,2022-07-01 06:59:59.999,420257.9333,1367.0,2070.283,231193.2603,0.0
2022-07-01 07:00:00,112.4,113.1,111.4,112.7,1924.411,2022-07-01 07:59:59.999,216276.2022,877.0,1114.729,125305.6533,0.0
2022-07-01 08:00:00,112.7,114.6,112.3,113.8,2399.007,2022-07-01 08:59:59.999,272640.1234,938.0,1373.892,155971.9469,0.0
2022-07-01 09:00:00,113.8,114.7,112.8,113.2,3952.135,2022-07-01 09:59:59.999,449742.7157,1701.0,1782.245,202955.6758,0.0
2022-07-01 10:00:00,113.3,114.7,112.7,113.4,5947.072,2022-07-01 10:59:59.999,676743.0769,1510.0,4623.666,526411.5088,0.0
2022-07-01 11:00:00,113.3,114.0,111.1,111.4,3066.377,2022-07-01 11:59:59.999,345228.8124,1427.0,1549.655,174807.7635,0.0
2022-07-01 12:00:00,111.5,112.8,111.0,112.7,1908.497,2022-07-01 12:59:59.999,213853.2945,694.0,1066.904,119608.3972,0.0
2022-07-01 13:00:00,112.6,113.2,111.8,112.7,2958.693,2022-07-01 13:59:59.999,333320.3811,862.0,1848.528,208368.1838,0.0
2022-07-01 14:00:00,112.7,114.5,112.3,113.3,3529.829,2022-07-01 14:59:59.999,400025.4359,1515.0,1474.546,167191.5455,0.0
2022-07-01 15:00:00,113.3,113.8,111.7,112.9,3431.053,2022-07-01 15:59:59.999,386092.5907,1319.0,1732.043,194931.1084,0.0
2022-07-01 16:00:00,112.8,113.4,111.9,112.3,2903.718,2022-07-01 16:59:59.999,327196.5738,1000.0,1448.335,162949.6304,0.0
2022-07-01 17:00:00,112.2,112.8,111.3,112.4,4881.293,2022-07-01 17:59:59.999,545748.8995,2149.0,1249.736,139934.4829,0.0
2022-07-01 18:00:00,112.4,113.0,112.0,112.8,2709.785,2022-07-01 18:59:59.999,305001.0007,862.0,1229.549,138429.7248,0.0
2022-07-01 19:00:00,112.8,112.8,112.0,112.5,1922.922,2022-07-01 19:59:59.999,216318.6678,671.0,742.039,83501.565,0.0
2022-07-01 20:00:00,112.6,112.9,111.9,112.5,1642.092,2022-07-01 20:59:59.999,184427.3133,687.0,877.648,98626.4917,0.0
2022-07-01 21:00:00,112.6,114.7,112.2,113.5,4518.376,2022-07-01 21:59:59.999,514357.3864,1654.0,2310.058,262953.1436,0.0
2022-07-01 22:00:00,113.5,113.6,112.1,112.8,1361.716,2022-07-01 22:59:59.999,153745.1606,713.0,684.957,77326.8698,0.0
2022-07-01 23:00:00,112.8,114.2,112.4,113.9,3603.089,2022-07-01 23:59:59.999,408600.6942,1240.0,2527.745,286695.3318,0.0
2022-07-02 00:00:00,113.8,116.5,113.6,115.4,4644.985,2022-07-02 00:59:59.999,535509.9121,1821.0,2588.204,298411.8636,0.0
2022-07-02 01:00:00,115.5,118.2,115.0,117.6,10238.351,2022-07-02 01:59:59.999,1199809.6613,3100.0,5210.496,609970.4568,0.0
2022-07-02 02:00:00,117.5,119.2,117.1,117.6,4247.957,2022-07-02 02:59:59.999,502575.3129,1993.0,2195.896,259822.0781,0.0
2022-07-02 03:00:00,117.6,118.2,116.6,117.8,2374.674,2022-07-02 03:59:59.999,278612.5361,1072.0,1070.229,125645.8738,0.0
2022-07-02 04:00:00,117.8,117.9,116.7,117.1,3572.557,2022-07-02 04:59:59.999,419371.38,938.0,2353.089,276368.6452,0.0
2022-07-02 05:00:00,117.0,118.2,116.9,117.8,3848.025,2022-07-02 05:59:59.999,452735.6869,978.0,1560.096,183674.7941,0.0
2022-07-02 06:00:00,117.8,119.2,117.7,118.0,2468.509,2022-07-02 06:59:59.999,292259.7562,1015.0,1132.439,134166.7256,0.0
2022-07-02 07:00:00,118.1,118.6,117.6,117.6,2050.419,2022-07-02 07:59:59.999,241868.6399,710.0,797.181,94108.6985,0.0
2022-07-02 08:00:00,117.7,117.9,117.0,117.5,2132.877,2022-07-02 08:59:59.999,250483.2046,876.0,999.121,117354.2646,0.0
2022-07-02 09:00:00,117.6,118.0,116.8,117.4,3567.507,2022-07-02 09:59:59.999,419006.9589,911.0,1506.217,176862.3524,0.0
2022-07-02 10:00:00,117.5,118.9,116.8,118.5,3075.677,2022-07-02 10:59:59.999,363034.4653,1089.0,1486.391,175707.0512,0.0
2022-07-02 11:00:00,118.5,118.9,117.3,117.7,6025.855,2022-07-02 11:59:59.999,710418.5705,2165.0,1742.771,205490.9265,0.0
2022-07-02 12:00:00,117.7,118.0,116.9,117.4,2749.529,2022-07-02 12:59:59.999,322520.498,921.0,779.812,91620.7961,0.0
2022-07-02 13:00:00,117.4,119.1,117.0,118.1,5821.647,2022-07-02 13:59:59.999,686837.7028,1572.0,1618.016,191431.2831,0.0
2022-07-02 14:00:00,118.2,118.2,114.0,115.3,11924.915,2022-07-02 14:59:59.999,1380617.0671,3693.0,3310.321,384158.1925,0.0
2022-07-02 15:00:00,115.3,115.6,113.8,114.3,5201.604,2022-07-02 15:59:59.999,596449.0002,1985.0,1824.843,209576.7661,0.0
2022-07-02 16:00:00,114.3,114.6,113.2,114.6,4590.889,2022-07-02 16:59:59.999,522837.485,1401.0,2562.664,292232.1581,0.0
2022-07-02 17:00:00,114.7,116.0,114.1,115.9,3447.237,2022-07-02 17:59:59.999,396896.8496,1116.0,1828.991,210773.4436,0.0
2022-07-02 18:00:00,115.9,116.4,115.5,116.2,2589.907,2022-07-02 18:59:59.999,300265.4773,1043.0,1302.975,151116.8072,0.0
2022-07-02 19:00:00,116.3,117.2,116.0,116.7,2001.191,2022-07-02 19:59:59.999,233383.3084,816.0,1391.08,162307.2691,0.0
2022-07-02 20:00:00,116.9,117.2,116.1,116.1,1506.256,2022-07-02 20:59:59.999,175434.3775,684.0,722.363,84205.4652,0.0
2022-07-02 21:00:00,116.3,116.6,115.6,116.1,1833.552,2022-07-02 21:59:59.999,212548.6247,608.0,890.252,103235.8791,0.0
2022-07-02 22:00:00,116.1,116.9,115.7,116.8,1147.961,2022-07-02 22:59:59.999,133663.767,612.0,546.625,63719.7323,0.0
2022-07-02 23:00:00,116.7,117.0,116.4,116.5,920.178,2022-07-02 23:59:59.999,107437.5893,553.0,310.035,36209.157,0.0
2022-07-03 00:00:00,116.4,116.6,115.8,116.0,1006.587,2022-07-03 00:59:59.999,116977.5609,485.0,623.902,72551.8129,0.0
2022-07-03 01:00:00,116.1,116.9,115.6,115.7,1553.694,2022-07-03 01:59:59.999,180247.6898,690.0,738.438,85729.4459,0.0
2022-07-03 02:00:00,115.7,115.7,114.8,115.0,615.546,2022-07-03 02:59:59.999,70974.6311,405.0,395.493,45605.7248,0.0
2022-07-03 03:00:00,114.9,116.2,114.9,116.0,1607.854,2022-07-03 03:59:59.999,185929.0046,502.0,1015.599,117495.8781,0.0
2022-07-03 04:00:00,115.9,117.0,115.9,116.9,924.065,2022-07-03 04:59:59.999,107795.088,457.0,654.596,76400.6243,0.0
2022-07-03 05:00:00,116.9,117.3,113.9,116.9,2376.622,2022-07-03 05:59:59.999,274640.6056,1325.0,1108.589,128446.8959,0.0
2022-07-03 06:00:00,116.9,117.9,115.3,115.4,2847.133,2022-07-03 06:59:59.999,331992.7699,1423.0,1477.976,172468.9559,0.0
2022-07-03 07:00:00,115.3,116.2,115.2,116.0,1248.28,2022-07-03 07:59:59.999,144425.2593,473.0,479.203,55500.5312,0.0
2022-07-03 08:00:00,115.9,116.4,115.7,116.1,1177.663,2022-07-03 08:59:59.999,136651.7244,488.0,883.201,102487.0106,0.0
2022-07-03 09:00:00,116.1,116.2,114.8,115.2,3470.906,2022-07-03 09:59:59.999,400469.9585,1117.0,1648.474,190335.9335,0.0
2022-07-03 10:00:00,115.1,115.4,113.5,115.1,10696.496,2022-07-03 10:59:59.999,1225362.3753,1916.0,2880.268,330299.6089,0.0
2022-07-03 11:00:00,115.1,116.7,115.0,116.5,3126.25,2022-07-03 11:59:59.999,362694.8739,743.0,1581.15,183219.4093,0.0
2022-07-03 12:00:00,116.4,116.7,116.2,116.4,2112.981,2022-07-03 12:59:59.999,245818.4348,443.0,626.371,72944.2039,0.0
2022-07-03 13:00:00,116.3,116.9,115.4,116.2,3252.136,2022-07-03 13:59:59.999,378848.6283,711.0,893.146,103934.1508,0.0
2022-07-03 14:00:00,116.2,116.2,114.7,114.9,4463.16,2022-07-03 14:59:59.999,515624.7945,1264.0,2403.281,277635.5684,0.0
2022-07-03 15:00:00,114.8,116.1,114.6,115.7,2424.505,2022-07-03 15:59:59.999,279589.2521,985.0,1283.05,147851.6759,0.0
2022-07-03 16:00:00,115.8,116.2,115.1,115.6,2875.358,2022-07-03 16:59:59.999,332106.5882,1042.0,1227.028,141758.3675,0.0
2022-07-03 17:00:00,115.5,116.6,115.4,116.2,2288.935,2022-07-03 17:59:59.999,265743.6843,754.0,1074.608,124846.8643,0.0
2022-07-03 18:00:00,116.3,116.4,115.6,116.4,1606.785,2022-07-03 18:59:59.999,186380.0887,559.0,869.339,100920.4146,0.0
2022-07-03 19:00:00,116.4,116.8,116.1,116.5,1384.158,2022-07-03 19:59:59.999,161147.7195,544.0,869.202,101186.6653,0.0
2022-07-03 20:00:00,116.5,117.3,115.9,116.8,4786.641,2022-07-03 20:59:59.999,557718.6161,2288.0,1556.504,181606.8081,0.0
2022-07-03 21:00:00,117.0,117.6,116.6,117.1,1987.076,2022-07-03 21:59:59.999,232813.6127,828.0,995.92,116724.7703,0.0
2022-07-03 22:00:00,117.2,117.4,116.3,116.7,500.354,2022-07-03 22:59:59.999,58386.4763,460.0,242.962,28361.2232,0.0
2022-07-03 23:00:00,116.7,117.2,116.1,116.3,749.457,2022-07-03 23:59:59.999,87545.7323,407.0,392.714,45892.5492,0.0
2022-07-04 00:00:00,116.4,116.9,116.0,116.6,1162.869,2022-07-04 00:59:59.999,135368.2378,384.0,563.428,65608.4609,0.0
2022-07-04 01:00:00,116.5,117.0,115.9,116.3,964.568,2022-07-04 01:59:59.999,112306.8296,466.0,486.901,56702.2747,0.0
2022-07-04 02:00:00,116.2,117.0,115.5,116.9,1986.57,2022-07-04 02:59:59.999,231208.9727,670.0,1000.904,116437.7707,0.0
2022-07-04 03:00:00,116.9,117.4,115.6,115.7,2610.927,2022-07-04 03:59:59.999,304538.7473,886.0,1237.367,144534.1739,0.0
2022-07-04 04:00:00,115.7,116.0,115.0,115.8,1621.777,2022-07-04 04:59:59.999,187124.3543,864.0,991.3,114423.0153,0.0
2022-07-04 05:00:00,115.7,117.0,115.7,116.9,1538.07,2022-07-04 05:59:59.999,179239.9283,547.0,938.568,109347.0096,0.0
2022-07-04 06:00:00,116.8,117.8,116.7,117.4,2087.125,2022-07-04 06:59:59.999,244455.2186,591.0,1468.783,171916.9193,0.0
2022-07-04 07:00:00,117.4,118.1,116.5,116.9,2646.532,2022-07-04 07:59:59.999,310769.6508,726.0,832.846,97910.1534,0.0
2022-07-04 08:00:00,116.8,117.5,116.8,117.3,995.916,2022-07-04 08:59:59.999,116754.1348,443.0,500.965,58730.0958,0.0
2022-07-04 09:00:00,117.3,118.0,117.0,117.6,2606.161,2022-07-04 09:59:59.999,306116.939,736.0,1625.496,191088.3493,0.0
2022-07-04 10:00:00,117.6,118.7,117.4,118.5,3706.898,2022-07-04 10:59:59.999,437362.1945,1316.0,1800.737,212661.1961,0.0
2022-07-04 11:00:00,118.5,119.2,118.5,118.8,3552.071,2022-07-04 11:59:59.999,422389.2544,1302.0,2226.925,264939.8914,0.0
2022-07-04 12:00:00,118.8,120.9,118.8,120.8,3927.154,2022-07-04 12:59:59.999,469990.2256,1690.0,2607.819,312157.2992,0.0
2022-07-04 13:00:00,120.8,121.5,120.1,121.4,4535.057,2022-07-04 13:59:59.999,547956.9193,1668.0,2527.243,305600.4219,0.0
2022-07-04 14:00:00,121.5,122.1,120.8,121.4,6167.539,2022-07-04 14:59:59.999,750282.6809,1833.0,4154.018,505733.838,0.0
2022-07-04 15:00:00,121.4,122.5,121.1,122.0,8116.035,2022-07-04 15:59:59.999,988588.7026,1834.0,3688.994,449343.191,0.0
2022-07-04 16:00:00,121.9,124.5,120.8,121.2,10220.001,2022-07-04 16:59:59.999,1247369.6509,3023.0,3622.208,443124.8938,0.0
2022-07-04 17:00:00,121.2,122.1,121.1,121.3,2869.53,2022-07-04 17:59:59.999,348742.936,798.0,1511.969,183726.8507,0.0
2022-07-04 18:00:00,121.3,123.0,120.8,121.0,8910.796,2022-07-04 18:59:59.999,1083143.8257,2898.0,2819.135,343046.0772,0.0
2022-07-04 19:00:00,121.0,121.4,120.5,121.3,2227.754,2022-07-04 19:59:59.999,269349.1271,977.0,1336.669,161688.8551,0.0
2022-07-04 20:00:00,121.3,121.5,120.5,120.9,2376.298,2022-07-04 20:59:59.999,287347.747,807.0,714.972,86590.3162,0.0
2022-07-04 21:00:00,120.9,121.2,120.1,120.5,1776.234,2022-07-04 21:59:59.999,214185.8657,612.0,629.058,75892.7364,0.0
2022-07-04 22:00:00,120.5,121.6,120.3,121.4,1557.246,2022-07-04 22:59:59.999,188369.918,772.0,881.139,106613.7956,0.0
2022-07-04 23:00:00,121.4,123.5,121.0,123.0,2906.042,2022-07-04 23:59:59.999,355784.5845,1515.0,1894.955,232027.4808,0.0
2022-07-05 00:00:00,122.9,124.3,122.5,124.0,2998.378,2022-07-05 00:59:59.999,370145.5438,1191.0,1379.603,170480.6817,0.0
2022-07-05 01:00:00,124.0,124.6,123.0,124.0,3585.617,2022-07-05 01:59:59.999,443979.8488,1222.0,1274.557,158225.947,0.0
2022-07-05 02:00:00,124.0,124.2,123.4,123.6,2015.862,2022-07-05 02:59:59.999,249523.1136,739.0,456.386,56507.7323,0.0
2022-07-05 03:00:00,123.5,123.6,122.2,123.3,2415.752,2022-07-05 03:59:59.999,296718.6816,999.0,1239.832,152276.0683,0.0
2022-07-05 04:00:00,123.2,124.5,123.1,124.3,1705.158,2022-07-05 04:59:59.999,210875.1113,796.0,973.45,120454.9174,0.0
2022-07-05 05:00:00,124.4,124.4,123.1,123.8,1671.437,2022-07-05 05:59:59.999,206801.6221,603.0,584.588,72354.4676,0.0
2022-07-05 06:00:00,123.9,125.5,123.7,124.2,5345.188,2022-07-05 06:59:59.999,665277.6117,1498.0,2553.946,317995.1736,0.0
2022-07-05 07:00:00,124.3,125.1,124.1,124.6,1993.584,2022-07-05 07:59:59.999,248473.8159,854.0,1573.909,196183.4414,0.0
2022-07-05 08:00:00,124.6,124.9,123.4,124.5,3220.954,2022-07-05 08:59:59.999,399770.3059,921.0,1716.677,213383.2797,0.0
2022-07-05 09:00:00,124.5,124.6,122.1,122.4,2976.489,2022-07-05 09:59:59.999,365773.5595,1256.0,1274.496,156641.8575,0.0
2022-07-05 10:00:00,122.3,123.1,121.1,122.0,3886.121,2022-07-05 10:59:59.999,474298.5607,1506.0,1635.315,199433.1896,0.0
2022-07-05 11:00:00,121.9,122.4,121.3,122.0,1881.985,2022-07-05 11:59:59.999,229291.9577,665.0,919.407,112107.8768,0.0
2022-07-05 12:00:00,122.0,122.5,120.6,121.2,6704.56,2022-07-05 12:59:59.999,813562.6723,2055.0,3075.559,373425.9502,0.0
2022-07-05 13:00:00,121.1,121.4,119.0,119.3,6803.868,2022-07-05 13:59:59.999,815473.5777,2187.0,2461.602,295472.1489,0.0
2022-07-05 14:00:00,119.2,121.4,118.9,120.4,4223.627,2022-07-05 14:59:59.999,508116.277,1825.0,2423.983,292003.3435,0.0
2022-07-05 15:00:00,120.4,121.2,119.5,119.9,3801.472,2022-07-05 15:59:59.999,457555.7711,1169.0,1298.173,156525.8296,0.0
2022-07-05 16:00:00,119.8,120.9,118.6,120.9,6246.245,2022-07-05 16:59:59.999,746108.1602,2126.0,2855.517,341753.6138,0.0
2022-07-05 17:00:00,120.9,122.7,120.4,121.1,7228.493,2022-07-05 17:59:59.999,878966.4471,2135.0,4155.744,505529.3924,0.0
2022-07-05 18:00:00,120.9,122.8,120.9,122.6,2727.046,2022-07-05 18:59:59.999,333386.5759,1178.0,1735.792,212299.0288,0.0
2022-07-05 19:00:00,122.7,123.5,122.3,122.6,7010.628,2022-07-05 19:59:59.999,861713.9904,2485.0,3502.148,430956.4396,0.0
2022-07-05 20:00:00,122.6,124.0,122.3,123.5,4593.244,2022-07-05 20:59:59.999,566087.8713,1823.0,2346.698,289470.4054,0.0
2022-07-05 21:00:00,123.6,124.6,123.2,123.3,3558.969,2022-07-05 21:59:59.999,441293.8962,1480.0,2392.189,296697.1128,0.0
2022-07-05 22:00:00,123.3,123.6,122.4,123.6,1155.538,2022-07-05 22:59:59.999,142127.4498,797.0,536.464,66018.1644,0.0
2022-07-05 23:00:00,123.6,123.8,122.6,123.7,2620.222,2022-07-05 23:59:59.999,322728.2073,1579.0,1143.321,140970.3965,0.0
2022-07-06 00:00:00,123.7,123.9,122.0,122.6,4264.594,2022-07-06 00:59:59.999,522429.6748,1763.0,2519.651,308659.9938,0.0
2022-07-06 01:00:00,122.6,124.0,122.3,123.1,2705.319,2022-07-06 01:59:59.999,332903.6482,1271.0,1538.247,189331.8573,0.0
